Tweet ID,cleaned_text, Information Source
323808103780990976,rt @vitocaro7 good luck @kyle_piersma today seem like yesterday beat river bank run bostonmarathon,Not labeled
323873597825355778,rt @dianneg wow rt @antderosa photo capture boston marathon explosion rt @boston_to_a_t explosion coply,Outsiders
323874466063085568,awful scene bostonmarathon photo round pretty horrid,Not applicable
323874558325161984,holy shit rt @theoriginalwak fuck happen   bostonmarathon,Outsiders
323875502056161281,rt @lana oh god rt @theoriginalwak fuck happen   bostonmarathon,Outsiders
323875539788128256,rt @alertnewengland boston marathon shut serious injury report well possible fatality,Media
323876328342446083,explosion boston marathon,Outsiders
323876642911031297,break @wbz report several people injure explosion boston marathon finish line   ,Media
323877544694784000,o.o oh rt @alicegoldfuss explosion boston marathon warn blood   via @theoriginalwak,Outsiders
323877624382373888,rt @robgronkowski wow can not believe happen boston marathon pray everyone,Outsiders
323877825696366592,rt @bostondotcom break news multiple people injure near boston marathon finish line explosion,Media
323877985088331778,rt @lindsaylohan send prayer everyone bostonmarathon,Outsiders
323878136091639809,rt @cmichaelgibson picture explosion finish line boston marathon,Media
323878727488516096,rt @runcompetitor major explosion go next marathon sport store boylston street near boston marathon finish line  ,Outsiders
323878794576412672,jesus fucking christ poor people boston marathon feel sick,Outsiders
323878853292457985,break news blast rocks boston marathon,Media
323879083995983872,hope everyone ok boston marathon,Outsiders
323879344042815488,horrible news boston marathon live feed fox news show spectator say say dead body,Media
323879495041966080,rt @itvnew explosion report near finish line boston marathon us,Media
323879553741234176,people injure explosion near boston marathon finish line two explosion finish line boston,Outsiders
323879717306507264,rt @michellemalkin rt @jimarmstrongwbz entire copley square area evacuate be move clarendon street wbz bostonmarathon,Media
323879759278923777,rt @richellecarey break @cnnbrk explosion report near boston marathon finish line cnn affiliate wcvb report  ,Media
323879973188419584,rt @mjbrender concern love one bostonmarathon see last check  ,Outsiders
323880027697582080,thought prayer everyone affect boston marathon explosion today,Outsiders
323880044462219264,hope everyone boston ok be go to pray marathon runner,Outsiders
323880602321448961,rt @awmanne pic sure not look good @thedailybeast aftermath boston marathon bombing via @brm90  ,Outsiders
323880610726834178,rt @maevejrolf hope everyone okay prayforboston,Outsiders
323880648479748096,rt @markweaver live update boston marathon bomb,Media
323880942081040384,rt @famousnobodie prayforboston  ,Outsiders
323881336316243968,live footage boston marathon explosion,Eyewitness
323881852215631873,rt @spj_tweets social medium chaos bostonmarathon live video + lot photo exercise ethic journalist look gruesome,Outsiders
323882229707202561,rt @quotationmarks1 please take moment pray boston 2 bomb explode near marathon finish line multiple causality,Outsiders
323882317791756288,thought amp prayer go victim boston marathon explosion sad be wrong world,Outsiders
323882661720510464,rt @ken_rosenthal thought prayer affect tragedy boston awful,Outsiders
323882925982629888,rt @msnbc live video explosion boston marathon,Media
323882946933178368,two explosion boston marathon finish line yahoo news   via @yahoonews,Media
323883236331761665,rt @teamrunner4life thought amp prayer everyone near explosion boston marathon finish line scary bostonmar,Outsiders
323883693527674881,rt @aarons_world north korea say go strike usa today go explosion boston marathon smh,Outsiders
323883827762180097,rt @tim_brannigan photo bomb actually explode distance boston marathon,Eyewitness
323884519788789760,rt @sportscenter break authority investigate report two explosion finish line boston marathon,Media
323884582703345665,rt @pink thought prayer everyone affect explosion boston,Outsiders
323884641419415554,rt @lauren11708 explosion boston whyyy unnecessary violence ever go end real shit smh,Outsiders
323884742107873280,rt @wsj follow live coverage aftermath two explosion finish line boston marathon,Media
323885052498960384,prayforboston bless heart,Outsiders
323885169922695168,rt @bbcbreaking watch live two explosion near finish line boston marathon leave unknown number people injure  ,Media
323885429977911296,please not let terrorist bostonmarathon prayforboston,Outsiders
323885442556637185,rt @rob_bieber finish line boston marathon explosion second explosion see ba   via @youtube,Media
323885576761794561,boston be home thought involve tragedy hope everyone okay,Outsiders
323885803266797568,rt @bigbootyprobs prayforboston,Outsiders
323885849412521985,rt @hobbknob watch sky news video clip bomb go boston absolutely mental scene,Outsiders
323886004593385472,boston not see tragedy like since boston tea party,Outsiders
323886050709737472,prayforboston sad prayer,Outsiders
323886088483643393,rt @dailydot 3 report dead boston marathon,Media
323886226878902272,rt @cnnbrk two blast boston marathon injure least 6 people seriously situation still develop,Media
323886243681284097,rt @piersmorgan break cnn report counter terrorist cop patrol major landmark ny bostonmarathon explosion,Media
323886612754870273,be go raise money bostonmarathon be fair happen good people,Outsiders
323886671491915776,rt @lauralanenyc three friend run boston marathon today think fellow runner hope everyone safe,Eyewitness
323886994457501696,rt @podolski10 pray everyone boston marathon bostonmarathon pray,Outsiders
323887120261468160,rt @marissanbcla break bostonmarathon former lapd chief william bratton live nbc news right say one source estimat,Media
323887153811705858,rt @cnnbrk new york city tighten security wake explosion boston marathon not know extent casualty  ,Media
323887460008468480,rt @kcrg abc news report air quality expert bring boston ensure explosion chemical attack,Media
323887648764735489,rt @karakrystel heart go affect explosion boston,Outsiders
323887661318303744,rt @itsjennamarbles prayforboston,Outsiders
323887665546149888,prayforboston,Outsiders
323887711649923074,rt @whiteginga1999 prayforboston crazy bastard,Outsiders
323888097551077377,new york post report 12 runner kill boston marathon bombing,Media
323888118535163905,wow wow wow pray everyone boston absolutely horrific speluation terrorist = -o,Outsiders
323888181441351681,rt @bethansheeran woah oh god horrible prayforboston,Outsiders
323888198226956289,vice president describe cnn bombing explosion boston,Outsiders
323888298886041601,rt @mufc_blog prayforboston shocking scene tragic everyone involve,Media
323888353391042561,rt @dapdmoney ok explosion boston,Outsiders
323888378577817600,rt @thefiretracker2 boston authority ask people limit cell phone use system overload bostonmarathon boston usetext,Media
323888458269614082,rt @bostonglobe break news two powerful explosion detonate quick succession right next boston marathon finsh line  ,Media
323888600846581761,rt @runnersworld breaking bomb report near boston finish line   add story develop bostonmarathon,Media
323888730895171584,rt @abbywambach hear tragedy boston marathon please people stop beg bostonmarathon,Outsiders
323888735093657600,@backrubprincess believe control explosion least accord boston feed follow still super scary,Outsiders
323888860910194688,news report least 3 dead 30 + injure prayforboston bostonmarathon,Media
323889179664732160,thought prayer go everyone injure boston marathon   onelove,Outsiders
323889984962695169,may another bomb jfk library sick people world prayforboston,Outsiders
323890173735747584,rt @dee_8689 pray victim boston marathon prayforboston,Outsiders
323890249220648961,rt @anniegelnaw be sad person could hurt innocent people prayforboston,Outsiders
323890286981967872,serious injury report least 6 hurt pair explosion rock finish line boston marathon,Outsiders
323890337317793793,not understand thing keep happen prayforboston,Outsiders
323890354074046466,rt @katyyperryyoxo prayforboston,Outsiders
323890618315186177,rt @samclaflin thought good wish boston right bostonmarathon,Outsiders
323890790298427392,rt @kaycnn boston pd cnn   22 injure 2 death bostonmarathon explosion,Media
323890945475104769,really cruel sick people world wish would disappear stuff never happen prayforboston,Outsiders
323891075506905090,live sick world   prayforboston,Outsiders
323891163566309376,world really suck prayforboston,Outsiders
323891197137539072,really not get happen prayforboston,Outsiders
323891427815878656,rt @jamesliamcook unconfirmed vine video explosion boston,Media
323891780162580480,see explosion go end boston marathon wtf world come   senseless violence,Outsiders
323891905983303681,fuck world wow ill never fail shock people prayforboston,Outsiders
323892056974045184,smh bet government make bomb boston,Outsiders
323892069561167873,sickkkkk world live prayforboston,Outsiders
323892195365113857,poor people raise money choose charity could human race prayforboston,Outsiders
323892627403571200,two explosion near finish line boston marathon  ,Outsiders
323892820320583681,rt @dinosamona crazy happen boston marathon prayer involve,Outsiders
323892824523276288,rt @officialkat boston pd say get social medium tell people stay away boston marathon area jfk libra,Government
323893009089445888,rt @lauratobin1 awful scene bostonmarathon sad life lose,Outsiders
323893046829780992,rt @malenaharper world come prayforboston,Outsiders
323893059387535360,pray victim horrible explosion boston god prayforboston,Outsiders
323893105524879360,rt @aliciakeys shake thought prayer city boston affect tragedy,Outsiders
323893155860709376,awful be happen boston prayforboston xx,Outsiders
323893415903379456,rt @buzzfeednews red cross donate blood follow explosion boston marathon,Media
323893474623627264,@__chloenicolle two terrorist attack boston marathon take place two massive explosion   horrible,Outsiders
323893516579262464,rt @08_fitzy people say bomb boston think ment boston avenue wasabouttogodownmurdishaw,Outsiders
323893696921739265,rt @lyricposting make physically sick nobody deserve prayforboston,Outsiders
323893734699839488,heart go people boston another senseless tragedy dead critically wound .and evil beget evil,Outsiders
323893747274366976,rt @ashleycolley fake boston marathon account suspend thank twitter,Outsiders
323893843739176961,rt @nba_wallpaper thought go boston prayforboston,Outsiders
323893915025563648,rt @welovefredo could save life rt spread word prayforboston,Outsiders
323894003143700480,@gigigraciette boston pd ask duty officer report work immediately bostonmarathon prayforboston,Outsiders
323894217023844352,pray everyone boston bostonmarathon,Outsiders
323894531617591296,hell bomb boston marathon keep injure family people die thought saddness,Outsiders
323894560960954368,rt @fellowshiplr pray god 's healing amp comfort injure amp affect incident bostonmarathon today,Outsiders
323894581928288258,rt @norapist know rape relate one close friend die boston explosion could please get pray,Outsiders
323894607110881280,rt @bdog247 hope be terrorism bostonmarathon,Outsiders
323894695195471873,rt @shyhiemb prayforboston rt,Outsiders
323895118790815744,rt @hugoamazing thought prayer go affect explosion boston marathon   prayforboston,Outsiders
323895156543721472,rt @huntsmanabby heartbreake hear newtown family vip section right boston marathon explosion,Outsiders
323895261422297088,rt @echemadubuike explosion report boston marathon finish line rt spread word prayforboston  ,Outsiders
323895492088037376,can not deal world anymore people fuck sick will pray boston marathon victim amp family,Outsiders
323895546634977280,pray family injure boston marathon bomb blast xx,Outsiders
323895550829264896,rt @usa_swimming thought boston right bostonmarathon,Outsiders
323895575974141952,rt @boy1duh prayer go everyone part boston marathon,Outsiders
323895659868585984,people evil could sleep know end someone 's life prayforboston,Outsiders
323895710208651264,hear news boston marathon   absolutely heartbreaking   pray everyone involve,Outsiders
323895773127393281,rt @ap us official 2 explosive find boston marathon   -cc,Media
323895903129841664,rt @finnharrie thought wish go effect boston explosion sad terrible thing happen pra,Outsiders
323895924113952769,rt @erikaend0 people really suck prayforboston,Outsiders
323895987028504577,rt @wltx boston p.d ask people social medium tweet get bostonmarathon area immediately news19,Media
323896037381111810,rt @nytimes map explosion occur boston marathon,Media
323896146433015808,rt @icatchlovato live boston near use electronic could trigger another bomb rt spread,Outsiders
323896221901139968,rt @anonopslegion blood glass debris sidewalk one two boston marathon explosion occur    bosto,Outsiders
323896414839111681,rt @bloombergnew second boston marathon explosion capture video watch   warn graphic,Media
323896708461363201,rt @huntsmanabby heartbreake hear newtown family vip section right boston marathon explosion,Outsiders
323896721027506176,see explosion bostonmarathon unreal thought go,Outsiders
323896733614628864,rt @sprtshumor crazy news video first boston marathon explosion nothumor,Media
323897123701653505,rt @cnnbrk official investigate boston marathon explosion report find believe unexploded device  ,Media
323897509565038592,rt @jahrastamouse dem bomb di boston marathon watch dem bomb di boston tipton hotel wid esteban arwin dem man dey yah,Not labeled
323898621063995393,rt @ultramusic thought prayer go victim family affect recent boston marathon bombing,Outsiders
323898948228112385,rt @penialltration please rt boston right know someone injure family will not pick prayforboston,Eyewitness
323899023700393984,rt @hollywill prayforboston thought,Outsiders
323899120194560000,rt @stephaniesmyth break   intelligence official confirm two bomb find @bostonmarathon dismantle flight restrictio,Media
323899568947351552,omg prayforboston,Outsiders
323899845783982081,rt @ionamatheson wrong people world bostonmarathon rip,Outsiders
323900105839214592,be matter people prayforboston,Outsiders
323900252656652288,rt @bostondotcom terrify video boston marathon finish line explosion go   via @stevesilva,Media
323900495888527363,rt @bkeegan be wikipedia article bostonmarathon bombing track go development,Outsiders
323901007597801472,rt @huntsmanabby heartbreake hear newtown family vip section right boston marathon explosion,Outsiders
323901166985568257,rt @flotrack report surveillance photo blast show man place backpack scene explosion prayforboston,Media
323901204759457792,rt @melmichelle22 like seriously people insane set bomb event boston marathon critically injure p,Outsiders
323901460603629569,condolence victim boston marathon explosion,Outsiders
323901687091826688,rt @cnnbrk official investigate boston marathon explosion report find believe unexploded device  ,Media
323901888431005696,rt @boystxts spread word could save life prayforboston,Outsiders
323902341420036096,rt @youranonnews @redcross site runner family bostonmarathon   yan,Media
323902752440856576,rt @ndj_official   bostonmarathon sick world live,Outsiders
323902802776707073,rt @jeffersonbethke tragic heartbreaking prayforboston rt @brm90 street bomb boston marathon,Outsiders
323902878253191168,rt @finnharrie thought wish go effect boston explosion sad terrible thing happen pra,Outsiders
323902941205499907,rt @thebiebstagram close eye see well day close eye pray prayforboston,Outsiders
323903452893818881,prayforboston thoughts&amp prayer go get hurt bombing,Outsiders
323903540965810177,rt @911buff boston police fbi urge anyone video finish line time explosion please come forward,Media
323903675175149569,rt @googlemaps info bostonmarathon look someone please visit person finder add datum ht,Media
323903763280711683,rt @ap breaking boston police commissioner 3rd explosion jfk library,Media
323903985578831872,rt @nhl wish express sympathy affect tragic event take place boston afternoon,Business
323904178500038657,rt @mrjakehumphrey number people run towards blast boston help injure clear signal terrorist,Outsiders
323904199471538179,rt @thesimplyepic prayforboston boston pray every country people suffer,Outsiders
323904199488327680,@carlymaze person finder boston marathon explosion   rt guy help someone prayforboston,Outsiders
323904325325832192,rt @realromadowney @northlandchurch prayer go everyone boston marathon ”yes god pray,Outsiders
323904493089595393,world need change desperately prayforboston,Outsiders
323904618889375745,rt @hoodjesusyo ayy fam please pray fo da ppl da bostonmarathon affect need yo prayer da week come prayfo,Outsiders
323904673423716352,rt @michellemalkin beware ghoul vulture mt @twitchyteam fake twitter account solicit donation bostonmarathon victim  ,Outsiders
323904698610503681,rt @kimkardashian heart break everyone effect injure explosion boston marathon god bless  ,Outsiders
323904740532551680,rt @ksdknews comm warn people cautious hold another press conference 6:00pm central prayforboston,Media
323905390645489665,sad news be happen boston thought amp prayer affect horrific tragedy,Outsiders
323905441010688000,rt @mrjakehumphrey number people run towards blast boston help injure clear signal terrorist,Outsiders
323905461957062657,heart go victim amp family tragic event   pray boston thought,Outsiders
323905591984672769,rt @duncanbannatyne good people train amp run other amp someone prayforboston   rt please,Outsiders
323905612952006656,"rt @cdnpress 2,032 canadian enter 2013 boston marathon",Media
323905843655499777,america attack   bostonmarathon bomblast,Outsiders
323905856234221568,sick stomach can not believe actually happen prayforboston,Outsiders
323906074312851456,rt @kingjame prayer go involve hurt bostonmarathon wtf wrong people man sad,Outsiders
323906137239990272,oh deary bostonmarathon,Outsiders
323906191753375745,@sorrynotsoorry prayforboston extremely heartbreaking   heart go victim,Outsiders
323906325987868674,rt @ohdearoomf need everyone rt could save life prayforboston rt,Outsiders
323906518917451777,police tweet request video boston marathon blast boston police department tweet plea f,Government
323907198415671296,charity marathon be heartless be innocent don'y deserve prayforboston,Outsiders
323907236135063554,rt @orla_msc wherever live please retweet prayforboston,Outsiders
323907437499396096,rt @themindblowing boston marathon jfk library blast victim need help prayforboston retweet,Outsiders
323907496202862592,prayforboston can not even believe,Outsiders
323907563311751168,rt @breakingnew google roll person finder affect boston marathon explosion,Media
323907584295845889,rt @ialwayslovejdb be disgusting innocent people loose life not even anything prayforboston,Outsiders
323907823354408960,rt @tanyaburr shocked sadden explosion boston people prayforboston,Outsiders
323907869504323584,rt @huntsmanabby heartbreake hear newtown family vip section right boston marathon explosion,Outsiders
323907953361055744,pointless harrowing never excuse hurt people ever prayforboston,Outsiders
323908049838415873,sandy bomb be good year marathoner training real shame bostonmarathon,Outsiders
323908079227916290,rt @pryan thought prayer people boston prayforboston,Outsiders
323908121133215744,rt @harryfletch prayforboston world go bloody mad,Outsiders
323908137939763200,rt @chillpost read spread rt   prayforboston  ,Outsiders
323908200833355776,rt @themindblowing prayforboston bpd say stay away boston marathon area amp jfk library together spread word pls  ,Outsiders
323908293112238081,thought prayer victim family first responder affect tragic event boston today,Outsiders
323908343439691776,rt @nerdist 2 explosion boston marathon   authority request texting 2 keep phone line open pra,Media
323908393779728385,rt @mozzaharrystick today april 15th day titanic sank abraham lincoln shoot amp boston marathon  ,Outsiders
323908427329986560,prayer go people family boston tragedy prayersforboston,Outsiders
323908469285588993,rt @bostonglobe marathon explosion toll rise 2 dead 64 wound boston marathon explosion,Media
323908595114713089,watch happen boston marathon sad prayforboston,Outsiders
323908641235279873,rt @milliesabrina really admire @keatonstromberg slll take away e3 's big moment prayforboston,Outsiders
323908842566086656,rt @firstduephotos boston wbz news wrongly report jfk library bomb recent bfd scene since,Outsiders
323908850946281473,rt @theatlanticwire google release tool help love one track bostonmarathon runner,Media
323908905484832768,rt @tracywatkins pray mom be run boston marathon can not get ahold prayforboston,Outsiders
323909085852471296,prayforboston heart go injure explosion bostonmarathon,Outsiders
323909119377559552,rt @makaylaowens2 @ohabioh be wrong world run charity leg prayforboston  ,Outsiders
323909136154775552,rt @josephstamper wow break heart prayforboston,Outsiders
323909148741890048,rt @benfergusonshow new york post reporting:12 dead nearly 50 injure 2 explosion rock boston marathon suspect identify  ,Media
323909148746059776,rt @carsonrapsilver god good even world john16 prayforboston,Outsiders
323909203288813568,rt @eoghan_curran sadly boston not place bomb today 31 iraqis kill 200 wound explosion mo,Outsiders
323909295571861504,@real_liam_payne hi liam prayforboston,Outsiders
323909459145547777,rt @sportscenter break boston pd report 23 injury 2 death marathon explosion report say police still find second,Media
323909488480509952,rt @mishacollins sometimes people really suck love boston hometown @brm90 bomb boston marathon finish  ,Outsiders
323909568176472064,rt @foxnews break boston marathon hq lock report explosion spokesman say     bostonmarathon,Media
323909580784533505,rt @bostontweet google create person finder affect bostonmarathon explosion,Media
323909673029873665,rt @subaru_usa thought everyone affect tragic event unfold boston today,Business
323909735965409280,light new information organized terrorist attack sad screw stay safe stay strong boston resident,Not applicable
323910134399115265,@kwild rt @emamd google person finder boston explosion,NGOs
323910302188064769,see video boston legtly cry rn prayforboston,Outsiders
323910432228253696,rt @google let friend amp family know be ok locate love one w/ person finder boston explosion  ,Business
323911141036290048,@iitalk_udont @drayaface god bless victim family bostonmarathon tragedy,Outsiders
323911224930750464,prayforboston sick world live,Outsiders
323911304639295489,rt @bostonglobe google create boston marathon explosion person finder    h @cmcloutier,Media
323911359156871170,@seanwbu april 15th titanic sink april 15th hillsborough disaster april 15th boston explosion holy shit mum birthday,Outsiders
323911690502696960,rt @google let friend amp family know be ok locate love one w/ person finder boston explosion  ,Business
323911736656793601,rt @anncurry family search love one   1 617 635 4520 bostonmarathon,Outsiders
323911749231312896,rt @cadizzlemore thought prayer go affect bomb boston horrible prayforboston,Outsiders
323912126710312962,rt @yahoonews photo aftermath boston marathon explosion witness scene,Media
323912135103102977,prayforboston be go world,Outsiders
323912177029378048,rt @myjustinquote marathon child die newton fucking bomb marathon omfg much pray,Outsiders
323912302883639296,rt @franagudo prayforboston prayforboston prayforboston prayforboston prayforboston prayforboston prayforboston prayforboston,Outsiders
323912617443872769,rt @emitoms report boston marathon runner cross finish line continue run hospital give blood v,Outsiders
323913158492303360,rt @connor_eli go movie get shoot go school get shoot run marathon get bomb selfish world prayforboston,Outsiders
323913187856613377,rt @todayshow pre obama receive update fbi director bostonmarathon blast credit pete souza white house  ,Media
323913603109490688,rt @josh_vintson terrify   prayforboston,Outsiders
323913829601914881,rt @we_believejb help girl find family please rt spread word prayforboston,Outsiders
323913858949472256,@gordonede ask work terrorist boston police commissioner ed davis say draw conclusion,Media
323914110620274688,rt @thecoachespn try find love one boston call 617 635 4500 info explosion call 1800 49,Media
323914479706464256,rt @glvredcross american red cross statement boston marathon explosion  ,NGOs
323915029168672768,rt @snugglinghazza honestly everyone retweet could save life please read prayforboston,Outsiders
323915171770798080,heart wrench photo rt @cbssport photo bystander comfort victim today 's attack boston,Media
323915247259877377,rt @samantha_june3 rt @darkskin boston run dedication newtown kid will not ever walk prayforboston  ,Outsiders
323915364717195264,rt @emitoms report boston marathon runner cross finish line continue run hospital give blood v,Outsiders
323915398288379905,rt @jmaxey97 damn shame prayforboston,Outsiders
323915771543683073,rt @hannadianee hope everyone be ok prayforboston,Outsiders
323915851252248577,sicken sadden news event boston today prayforboston,Outsiders
323915863851937792,rt @biebersrobot people boston marathon blast wrong sick minded people innocent life bee,Outsiders
323915943526932482,google create person finder boston marathon digg pass,NGOs
323916086116487168,rt @nbcla 3:10pm pt pre obama address nation bostonmarathon explosion will livestreame  ,Media
323916149039452160,rt @bryanjacoutot 96 country represent boston marathon today attack world boston,Outsiders
323916216148295683,boston marathon bombing photo clip make sick stomach could anyone another human prayforboston,Outsiders
323916316836765697,boston terrorist attack cnn cbs officially call terrorist attack 911buff,Outsiders
323916459417931779,rt @jades_bowtieslm @definitelylouis rt guy really important prayforboston,Outsiders
323917138886815744,rt @mylifeasafemale heart go affect senseless tragedy   prayforboston,Outsiders
323917424112054275,rt @twhiddleston boston marathon bombing horrify chill thought prayer victim family,Outsiders
323917612864114688,rt @huffingtonpost help victim boston marathon bombing,Media
323917763850686464,rt @krissanchez video explosion bostonmarathon seriously be way much violence hate world   ,Media
323917780619513857,heart prayer folk boston bostonmarathon,Outsiders
323917910642946048,rt @karan1095 let prayforboston    let also prayforsyria prayforiraq prayforafghanistan other   respect,Outsiders
323918019690639360,rt @lovendpeace prayforboston,Outsiders
323918116163813376,rt @demetriasing prayforboston prayfornewyork prayfordc please everyone stay safe please make home safely lt;3,Outsiders
323918330094317568,rt @bostonglobe globe video bostonmarathon explosion,Media
323918434960293888,@joshhenderson hear explosion boston prayer go victim family sad,Outsiders
323918611121061888,rt @bmw_lifemoral love real everything keep alive topanga lawrence lifemoral prayforboston,Business
323918749499551745,lord world really need help prayforboston,Outsiders
323918808219799552,close eye see well day close eye pray prayforboston,Outsiders
323918841799376896,boston police commissioner ed davis suspect custody stay @cnnlive continue coverage bostonmarathon @cnn,Government
323918879527161857,rt @goldnkatebridge never want city trend bad reason prayforboston,Outsiders
323918921465999362,rt @abyjavaadmalik everyone twett picture everyone see prayforboston boston bostonmarathon,Outsiders
323919135400665088,prayer go boston marathon victim today rip,Outsiders
323919605171122177,rt @aceythekidd we hear bout shit boston co worker nah we bomb marathon folk die co worker,Outsiders
323919680672763906,rt @govbrewer prayer arizona go victim today 's explosion boston,Government
323919881999380480,prayforboston people really   screw   prayforboston,Outsiders
323919991013527552,boston marathon explosion picture video release get live internet coverage   video world,Eyewitness
323920167178493953,rt @jenna_marble absolutely shocked horrified boston marathon today   thought prayer family friend,Outsiders
323920792150761472,rt @danielmartinadv inspiring story bostonmarathon runner finish 26.2 mile run mass general ho,Media
323920980898631680,rt @shagcaster @_bal yup live motherfucke washington state thousand mile away doubt will set bomb boston,Outsiders
323921178026721280,@corien_xxx rt @larrys_condom child young disgraceful prayforboston  ,Outsiders
323922037854855168,rt @megan_miller_23 please retweet matter could save life spread word stay safe prayforboston htt,Outsiders
323922209817120768,rt @cnnbrk explosion report near boston marathon finish line cnn affiliate wcvb report,Media
323922411126939648,rt @encanew us president barack obama say police emergency service respond heroically tragedy bostonmarathon,Media
323922654413324288,2day suppose amazing day celebrate release chloe instead bring teaminspire we prayforboston&lt;3,Outsiders
323923690419003393,1stly tragic event bostonmarathon.the inspirational act show 2 run charity 2 keep run 2 give blood heroic,Not applicable
323924034339348480,prayforboston stop sensless violence,Outsiders
323924063695290368,word image leak victim bombing lifealtere prayforboston,Outsiders
323924088852717570,rt @1dupdatesonline prayforboston,Outsiders
323924269241356288,break heart   prayforboston,Outsiders
323924449596436483,find tragedy boston word right prayforboston,Outsiders
323924462141583360,multiple casualty explosion boston marathon finish line   blast occur second    fox,Media
323925330362507264,rt @akon prayforboston,Outsiders
323925686895140864,scared anything ever anymore never know prayforboston,Outsiders
323926114701565954,rt @betseyross obama address nation boston bombing rumor blame anti islam video amp conservative tcot ncpol lnyhbt,Outsiders
323926148272779265,rt @_snape first responder rush help truly incredible people hero prayforboston,Outsiders
323926752256737280,rt @robkardashian heart love prayer go anyone affect sad event boston prayforboston,Outsiders
323926781600088064,heart go affect boston tragedy @google amp @redcross tool  ,Business
323926823568306176,rt @lifefact go watch movie   get shoot   run marathon    get bomb   hate world prayforboston  ,Outsiders
323927138107535360,rt @annefoxycoxy sad state affair   thought prayforboston,Outsiders
323927284937523202,rt @google let friend amp family know be ok locate love one w/ person finder boston explosion  ,Business
323927318483591169,rt @cardinaldolan join pray kill injure boston marathon jfk library explosion,Outsiders
323927544976003072,rt @lala pray boston bostonmarathon heart go amp every victim senseless,Outsiders
323927599493545984,rt @jaibrooks1 prayforboston horrible,Outsiders
323927616295956480,@magicllamas marathon race somebody put bomb finish line kill two people injure many other,Outsiders
323927721149353984,rt @twdjesus prayforboston heart go involve,Outsiders
323928132170166272,rt @prayer_healing day afraid trust god psalm 56:3 prayforboston,Outsiders
323928505450643458,listen @justinbieber 's song pray help thru pain feel bomb boston&lt;3 prayforboston&lt;3,Outsiders
323928950051045377,rt @edsheerrann not care take 5 second rt possibly save life prayforboston,Outsiders
323928992002478080,rt @iamrashidajones not take people grant show love kindness today prayforboston,Outsiders
323929377870061569,dishearten hear senseless bombing boston prayforboston unhardentheirheart hearmyprayer |,Outsiders
323929931514003456,think month ago hear newtown     toomany prayforboston,Outsiders
323929935746064384,rt @michaelhaye devastate photo boston marathon runner halt explosion,Outsiders
323929973457039360,@erinthemustache prayforboston   prayforboston   prayforboston prayforboston prayforboston prayforboston   prayforboston,Outsiders
323930191560839168,prayforboston swear not understand people mess think be funny cool bomb city big boston,Outsiders
323930808161280000,rt @nbcnew president obama find hold accountable   bostonmarathon,Media
323930908803600384,really sad sick people world prayforboston,Outsiders
323931114337079296,security beef worldwide multiple boston blast police los angeles new york city london ot,Outsiders
323931319828627457,rt @pau_ds be scared mean be boston be scared c let prayforboston image break heart poor people  ,Outsiders
323931496001970176,rt @cocktailouis @nicolapayne2788 please share everyone not mention tweet picture prayforboston ht,Outsiders
323932397781528576,prayer go bostonmarathon victim,Outsiders
323932498436427776,many people ecstatic finish marathon moment horrible tragedy bsu262,Outsiders
323932682994192384,rt @tinabhatnagar day like today feel really proud work @twitter truly lifeline period tragedy prayforboston,Outsiders
323932733321641984,rt @billsimmon good way explain marathon monday sacred around boston spend friend family be,Outsiders
323932833989160960,rt @bobbydesanzo boston marathon joke really people,Outsiders
323932859142373376,rt @masg66 friend boston say kid newton give seat last mile marathon be 8 yr old boy th,Eyewitness
323933043687563264,rt @nay_bay prayforboston,Outsiders
323933190492397569,pray boston bostonmarathon thoughtsbewiththevictim,Outsiders
323933345685835776,rt @1drulesmylife april 15 day lincoln assassinate day titanic sank tragedy boston jus,Outsiders
323933584777940992,hear friend boston run amp 3 mile explosion ok be shake relief also tragedy,Eyewitness
323933756719255552,dozen people seriously injure two explosion finish line boston marathon,Outsiders
323935170229059584,rt @borntoracemovie prayforboston,Outsiders
323935300235689985,rt @_snape 8 year old among dead must find prayforboston,Outsiders
323935384134361088,rt @sarahjmbp prayer everyone boston injure boston marathon,Outsiders
323935539311022080,rt @nfl_meme prayforboston,Outsiders
323935556075667457,rt @borisyu @cnnbrk whdh 8 year old among dead boston marathon terror attack sad stuff happen world,Media
323935627416588288,rt @paramore prayer love everyone affect explosion boston today unbelievable,Outsiders
323935711264907265,p reliable @breakingnew update hospital report least 105 injure least 15 critically boston explosion @ap,Media
323935837098221571,rt @timtebow wow pray everyone effect explosion boston today,Outsiders
323935870673625088,rt @kaitlyngomez prayer go boston   prayforboston,Outsiders
323936063599017984,ah lad footage boston bombing horrify thing like help perspective life im sad iloveboston,Outsiders
323936105537867776,mcintyre tweet be ok boston marathon run,Media
323936348832690176,rt @nbcnew law enforcement official confirm one two people kill today 's explosion eight year old bostonmarathon,Media
323937313510023170,rt @spur thought go everyone affect attack boston afternoon,Outsiders
323938127209197568,rt @cnnbrk least 110 people treat area hospital boston marathon bombing 2 dead,Media
323938471150493696,rt @jaibrooks1 prayforboston,Outsiders
323938643087601664,rt @twhiddleston boston marathon bombing horrify chill thought prayer victim family,Outsiders
323939674882179074,timeline full celebrity around world pray boston thank lt;3 prayforboston,Outsiders
323939796550557696,@richmcd1234 heart pray go affect explosion boston hope everyone ok,Outsiders
323939918176985089,close eye amp see well day close eye amp pray prayforboston not want live anymore,Outsiders
323940018827718657,people sick   prayforboston,Outsiders
323940090130866176,rt @fillwerrell run support kid sandy hook never run prayforboston,Outsiders
323940761211117568,rt @christinang27 mom cross bostonmarathon finish line first bomb go tell @dianesawyer scene ho,Outsiders
323941419742027777,rt @usarmy rt @matthood21 two usarmy soldier not need tell help run marathon prayforboston  ,Government
323941595894403072,rt @a_ducktrumpet heart prayer go everyone affect boston marathon explosion,Outsiders
323942778692325376,not scroll rt   prayforboston,Outsiders
323942820635373568,rt @nycjim vivid chaotic frightening video far boston explosion happen  ,Media
323943021961949185,rt @techcrunch boston marathon explosion reportedly injure dozens․ live update   @ferenstein,Media
323945005876146176,not know anything not one plant bomb god prayforboston,Outsiders
323945198805733376,rt @ashleytisdale terrible amp scary see violence keep everyone boston thought today prayforboston,Outsiders
323945307861827584,prayforboston prayforboston prayforboston prayforboston,Outsiders
323945341391097856,thought prayer affect explosion bostonmarathon,Outsiders
323945744061038592,rt @lefty_1998 2 people plus 8 year old boy pass away today boston marathon 132 people injure prayforboston,Outsiders
323945848901869568,rt @weyhey_ziall world live disgust prayforboston,Outsiders
323947480490311680,rt @anniejclark unbelievably sad hear happen boston pray affect horrible tragedy pr,Outsiders
323947614699651072,rt @sarahtw_tm guy stop scroll ignore news centre police everywhere need see prayforboston  ,Outsiders
323948159963373568,rt @mealburez fact muslim trend right along side boston marathon really sad prayforboston,Outsiders
323949581861806081,rt @kylieminogue send love prayforboston,Outsiders
323950160646373376,rt @prayforbst endless retweet prayforboston,Outsiders
323951397974470658,rt @911buff boston police fbi urge anyone video finish line time explosion please come forward,Government
323953537090465794,rt @sofiadecio be absolutely shocked watch news tragedy boston heart go victim horrid event,Outsiders
323953608372649984,rt @robertoluongo_1 r.i.p die boston every rt get donate $ 2 city victim prayforboston,Outsiders
323953646125608960,rt @coachkwisdom prayer go victim family people affect tragedy prayforboston,Outsiders
323956003332816898,rt @jameswright wait finish line propose be cry heart breaking prayforboston  ,Outsiders
323956951224569856,rt @hopeforboston r.i.p 8 year old girl die boston 's explosion run sandy hook kid prayforboston  ,Outsiders
323957605548564483,glad friend safe event prayforboston,Outsiders
323959115506388993,rt @scooterbraun incredibly sadden news boston prayer go family suffer tragedy,Outsiders
323959501373976578,day 2 unhappy foot sympathy bostonmarathon tradegy,Outsiders
323961120366948356,rt @t_swaggga tear .this make realize never know life take away .rest peace   prayforboston http,Outsiders
323961636283092995,rt @koolsloth r.i.p beautiful little girl ’re angel prayforboston,Outsiders
323961820845060096,rt @nbcnightlynews boston university student among critically injure marathon explosion,Media
323962168963903488,rt @footballtweets3 literally would beat shit whoever bombing   prayforboston,Outsiders
323962265403547648,rt @kaylaboos13 happen boston devastating prayforboston,Outsiders
323963301430194176,@miilkkk show support everyone affect tragic event today boston   crazy,Outsiders
323964643603275776,prayforboston sad thing one person dead,Outsiders
323964727476772864,3 kill 40 injure boston blast,Media
323966140953022464,rt @nfl_stats new update boston marathon explosion least 3 dead 130 injure prayforboston,Media
323967466340487168,rt @hopeforboston r.i.p 8 year old girl die boston 's explosion run sandy hook kid prayforboston  ,Outsiders
323967638315364352,lose faith humanity #prayforboston,Outsiders
323968640783380480,rt @bostonevolution rt @liamwcvb mass general lockdown suspicious device find parking garage wcvb boston bostonmarathon,Outsiders
323968963736399872,rt @redcross thank generosity volunteer blood donor currently enough blood shelf meet demand bostonmarathon,NGOs
323969668379463680,rt @d_hagen r.i.p 8 year old girl die boston 's explosion run sandy hook kid prayforboston  ,Outsiders
323970259763740672,heart go people injure kill boston marathon lt;&lt unbelievable,Outsiders
323971094434426880,please please mt   ‏@ginadee1h may want prayforboston social medium not good idea least pause boston,Outsiders
323971941700616192,rt @dailybeasttv nazi say bill o'reilly bostonmarathon attack watch,Media
323972273042231297,rt @moreno r.i.p 8 year old girl die boston 's explosion run sandy hook kid prayforboston  ,Outsiders
323973015408885761,people still inherently good world not let action taint view world prayforboston,Outsiders
323973124481748994,@randymeierfox9 country stop madness demonstrate boston marathon today wonder time,Media
323973485183516672,look@ video right explosion boston today will see helper action,Eyewitness
323974798009049088,rt @traxfmjkt send prayer victim bomb tragedy boston marathon rip,Media
323975192273620992,rt @schafferberg r.i.p 8 year old girl die boston 's explosion run sandy hook kids.#prayforboston ht,Outsiders
323975401997213698,rt @ghettochiidren tl right   prayforboston    bostonmarathon    korea    bitch talk lonely,Outsiders
323975561347211264,rt @hopeforboston r.i.p 8 year old girl die boston 's explosion run sandy hook kid prayforboston  ,Outsiders
323977440399613952,@spencerklimek really wanna know behind boston marathon bombing ever hope rot,Outsiders
323978186989899777,rt @joshscobee10 terrorist coward plain simple enjoy burn hell eternity sad prayforboston,Outsiders
323980560957579264,rt @loveforboston r.i.p 8 year old girl die boston 's explosion run sandy hook kid prayforboston  ,Outsiders
323980577739001856,rt @thewanted heart go affect senseless tragedy prayforboston,Outsiders
323983199199981568,rt @itsmelanieamaro please everyone prayforboston heart go injure family friend pass,Outsiders
323983601836376066,end terrible day could care less hab lose tho mind poor victim boston prayforboston,Outsiders
323985145344425985,bomb blast boston america least 3 dead 141 injure twin boston marathon blast,Media
323985149551325184,many people heart amp body break event celebration human endurance prayforboston,Outsiders
323985178886291456,@chrislhaye thank ask intelligent question boston marathon bombing day boston realjournalism monthrufri,Media
323985594143367168,rt @celtic celtic honor affect tragic event take place today boston,Outsiders
323987531915984897,rt @joshuagate open letter responsible today 's bombing boston marathon like everyone else feel cont http,Outsiders
323988353974411264,rt @iprayforboston facebook page boston explosion boston explosion happen bostonmarathon prayforboston  ,Outsiders
323988769231482881,thought prayer bostonmarathon,Outsiders
323990266585440256,rt @itssirobertson today tough day   stay tough merica prayforboston,Outsiders
323991780745965568,rt @foxnews boston police least 3 people kill boston marathon bombing   bostonmarathon,Media
323992044987113472,rt @loveforboston r.i.p 8 year old girl die boston 's explosion run sandy hook kid prayforboston  ,Outsiders
323992212742496256,rt @deadspin video interview bill iffrig 78 year old man orange knock blast boston marathon  ,Media
323994670613012480,rt @realdopepostss boston bombing make mad whoever hope you rot hell,Outsiders
323997552099876864,rt @niallatemytaco zayn terrorist zayn bomb boston zayn not care people,Outsiders
323999783457017856,rt @miilkkk show support everyone affect tragic event today boston,Outsiders
324002354590519296,rt @sebelius plz rt call 1 800 985 5990 text talkwithus 66746 24/7 immediate crisis counseling boston tragedy  ,NGOs
324003025674960898,honestly sick could disgusting someone get answer find prayforboston,Outsiders
324006263673458688,rt @msnnow patton oswalt remind we humanity 's good side boston bombing,Media
324006355956531200,@hopeforboston r.i.p 8 year old girl die boston 's explosion run sandy hook kid prayforboston,Outsiders
324008067211608064,rt @soutik boston blast ~ twitter raving conspiracy theory begin   bostonmarathon terrorism,Outsiders
324011993096921088,rt @soy_brent prayforboston,Outsiders
324012144070914049,prayforboston,Outsiders
324014492885327873,@chrismurphy chaos cop weapon draw advance towards blast area turn run bostonmarathon,Outsiders
324015960912719872,@angeloguligado @ancalert please beware fake boston marathon tweet 2/2    bostonmarathon,Not labeled
324016153859088384,rt @ebenofficial continue keep people family involve boston bombing prayer thought prayforboston,Outsiders
324017340826144769,rt @jacklindstrom94 people chill boston marathon people got injure justin bieber smoking pot cool shit,Outsiders
324022776639930368,super tired go bed night everyone bostonmarathon heartbroken prayforboston,Outsiders
324024886366445568,photoset usatodaysport example overwhelming kindness follow boston marathon explosion,Media
324029118419189760,rt @bobbyleegarza1 rip 8 yr old girl die bostonmarathon explosion run sandy hook prayforboston h,Outsiders
324030670328451072,@craigyferg love show boston marathon atrocity not like late show mostly honest awesome,Outsiders
324032478090244096,rt @ch3ls3at r.i.p 8 year old girl die boston 's explosion run sandy hook kid   br,Outsiders
324033220482068480,rt @davie_ferguson live sick world prayforboston,Outsiders
324033522438377472,rt @liifesentencess prayforboston,Outsiders
324035342766321664,3 kill 100 injure bostonmarathon blast   via @bostondotcom,Media
324035535716880384,sadden bomb explode crowd street near finish line boston marathon yesterday love affected,Outsiders
324041357402443776,rt @miszaliyadattu bombing iraq amp boston today go,Outsiders
324050916221259778,rt @niamsninja be sorry feel hurt prayforboston,Outsiders
324052682048421890,photo copsandrobert weird happening two day ago page create facebook boston marathon,Media
324054137450926080,rt @prayforbst be happy run finish line suddenly someone ruin marathon prayforboston,Outsiders
324055051825979392,rt @dailymailus least 17 injure boston bombing critical condition expect survive night  ,Media
324057765511315456,police need see im serious prayforboston,Outsiders
324072244278083585,explosion boston marathon   на @youtube,Media
324078988702146560,big support heart bostonmarathon peace,Outsiders
324079735279869952,rt @llama_ajol world dark place let light prayforboston,Outsiders
324091047326126080,rt @hafizsam terrorist bombing muslim open eye america not idiot know fact first prayforboston http,Outsiders
324094004323024898,rt @steveaoki send love everyone boston horrible tragedy amazing hear many people come help eac,Outsiders
324095958864502784,people world want hurt people not get want make people sad cry prayforboston,Outsiders
324105169551912960,rt @magnodetri boston bomb today iraq prayforboston prayforiraq,Outsiders
324105719001534465,rt @garrettgee creeepy pic boston marathon bomber,Outsiders
324111284847144960,rt @afowler06 r.i.p 8 yr old boy die boston 's explosion run sandy hook kid prayforboston  ,Outsiders
324112132117512192,rt @team_world prayforboston non ci sono parole,Outsiders
324128770908905473,rt @gabrielmacht send love victim family friend affect explosion boston marathon ble,Outsiders
324134936527380480,joe andruzzi help boston marathon bombing victim nfl news   sport,Media
324138099040980992,rt @youranonnews bostonmarathon update 8 child injure include two year old boy icu head injury 10 people,Media
324138187100397568,rt @therock strength amp prayer boston impact cowardly attack people boston proud tough amp resilien,Outsiders
324138401014095872,explosion boston iraq earthquake iran crisis syria crisis palestine wtf happen world,Outsiders
324141173444849665,rt @sinchaasunshine prayforboston,Outsiders
324141634818293760,rt @emmittsmith22 send love prayer affect today 's tragedy boston terrible,Outsiders
324141878113099776,vmguru   sport lebron kobe rg3 mayweather amp many react marathon tragedy,Outsiders
324142373015781377,rt @esmeraldakiczek lord close brokenhearted save crush spirit ~psalm 34:18 prayforboston,Outsiders
324143761342988288,rt @nprnews boston marathon explosion late development,Media
324144176570724352,rt @malghosoon muslim happen boston   photo holy book prayforboston bostonmarathon  ,Outsiders
324144453390594049,rt @jaredthecarrot lose life boston marathon rip rt respect 8 year old girl,Outsiders
324144587637678081,south africa stay strong boston lot love support prayforboston southafrica,Outsiders
324147586548248577,rt @3pennymovies @huffpostcanada hurt together help together bostonmarathon bostonstrong,Outsiders
324148022760071168,prayforboston я в шоке,Outsiders
324153877991653379,rt @buzzfeed boston marathon tragedy meet unbelievable act kindness  ,Media
324155304055037954,rt @centrepointuk london marathon runner urge cross line sunday handsoverheart tribute boston bo,Outsiders
324156826595766272,menino boston overcome   bostonmarathon bostonstrong,Outsiders
324157313151819776,boston bomb update fbi special agent mission clear bring justice responsible marathon bombing known,Government
324166335091318786,boston marathon arsenal v everton minute 's silence   arsenor afc arsenal,Not labeled
324166557368471553,rt @bostonmarathon rt get $ 1 donate victim boston marathon explosion donatetoboston,NGOs
324167417217564674,rt @rottenappletv senseless act violence boston marathon explosion raw video footage explosion,Media
324170869150720000,rt @blackpumahat inspiring thing   news station report racer bostonmarathon run finish line nearby hospita,Outsiders
324171716383371264,rt @dannyamendola donate $ 100 every pass catch next season whatever boston marathon relief fund $ 200 fo,Outsiders
324174069371121665,rt @wearebruinsfans thank chicago one classy thing have see   prayforboston,Outsiders
324175336059314176,rt @dpshow dan 's opening monologue boston tragedy,Outsiders
324180562166304769,rt @ryanpbroderick people currently auction boston marathon finisher medal ebay   via @buzzf,Media
324182755770523650,rt @kidrauhlavon ashamed part world inhumane thing like happen prayforboston,Outsiders
324183624008220674,boston bombing produce familiar reveal reaction                        glenn gre,Media
324183707898478593,rt @biggangvh1 everyone pray people boston tragic event one deserve be pray  ,Outsiders
324190376829284352,feel sorrow anger happen boston people kill dozen syria   daily   bostonmarathon   sryia bostonexplosion,Outsiders
324193707119222784,en mi tweet time google person finder       boston marathon explosion   see,Outsiders
324194076213788675,tragedy boston help   impactyourworld   @cnn bostonhelp,Outsiders
324203031040258048,rt @joshdevinedrum hear news boston sad sad time prayforboston,Outsiders
324203626652389376,rt @johnbeattienesn walk show decide marathon end bceagle boston,Not labeled
324204163519086593,post compare foreign country 's boston 's bombing,Outsiders
324206973715349504,rt @fenvirantiviral doctor bomb contain pellet shrapnel nail hit victim bostonmarathon @nbc6,Media
324212082381836288,rt @fenvirantiviral doctor bomb contain pellet shrapnel nail hit victim bostonmarathon @nbc6,Media
324212908647137280,ask dad wake morning exact word physically great emotionally good prayforboston,Outsiders
324215840461438976,rt @parkrun parkrun worldwide sadden recent event boston marathon act terrorism affect  ,Outsiders
324216666726744064,rt @danilomontero marathon carnage explosion boston   via @time,Outsiders
324223121777389570,huntsville runner homeland security ask boston marathon participant photo video dink taylor say,Government
324224287806472192,let burn whole middle east enough already wtf happen peace love fck sack#bostonmarathon,Outsiders
324226208780918784,prayforboston,Outsiders
324227253158432769,andy scott post story incredible joe andruzzi display heroic act kindness boston marathon expl,Outsiders
324232659633065984,rt @never4getboston every retweet receive donate $ 1.00 bostonmarathon victim prayforboston,Outsiders
324235918598877185,rt @bostonglobe unfortunately monday 's marathon bombing hardly first attack sporting event,Media
324240846885101568,rt @1daussieupdate close 1dworld boston bomb safety reason via @replaylouder,Outsiders
324248195305717760,rt @barbaranorro action speak louder word act act righteous prayforboston,Outsiders
324249482957033472,prayforboston,Outsiders
324258601403314176,rt @cnnbrk injury boston marathon terror attack 183 23 critical least 9 injure child  ,Media
324269531759513602,rt @leeevans_comedy every retweet donate £ 2 boston marathon tragedy r.i.p,Outsiders
324270420943597568,rt @leeevans_comedy every retweet donate £ 2 boston marathon tragedy r.i.p,Outsiders
324271867965870080,rt @kerryngerety 20 hour bos tech community raise $ 70k bostonmarathon victim let us hit $ 100k  ,Outsiders
324273663119605760,rt @deadspin be nice thing one couple marathon bombing,Outsiders
324275282137718785,obama travel boston thursday attend interfaith service marathon bombing victim   via @washingtonpost,Media
324277928743550977,boston marathon bomb parent victim krystle campbell think    news,Media
324286933901668352,rt @billneelyitv remember bomb atlanta olympics 1996- home grow terrorist cautious pin boston explosion al qaeda,Not applicable
324287344960208896,rt @carryonswag prayforboston,Outsiders
324290746528186368,rt @leeevans_comedy every retweet donate £ 2 boston marathon tragedy r.i.p,Outsiders
324291132425129984,rt @joshuachaver rt @joshharkinson 15 us soldier boston marathon wear 40 pound pack help save life  ,Outsiders
324292759798304768,rt @ppadvocacyma donate directly affect monday 's tragedy   oneboston bostonmarathon,NGOs
324297931396104192,meet someone be family boston marathon send chill spine nobody hurt still incredible,Not labeled
324299420336287744,@brainjunk @yearofthedragon boston bombing delay thing not want lose shuffle edit come across well,Outsiders
324323713778585602,rt @allybrooke prayforboston sorry tragedy,Outsiders
324324204503777280,rt @remroum saudi man injure bombing boston saudi man call terrorist suspect saudi man find witness mediafail,Outsiders
324326008054505472,rt @asdfghjklrey boston bombing illuminati,Outsiders
324333457134194688,rt @botoxannromney reign queen annromney botox -her true story -halarious   africanamericans bostonmarathon  ,Not labeled
324337903079657472,run community turn tonight support affect tragedy boston marathon proud,Outsiders
324340155429302272,rt @jon_ckmusic prayforboston god need right,Outsiders
324340772008763394,rt @nbcnightlynews break photo fbi release picture tear backpack amp mangle pressure cooker use boston bomb attack ht,Media
324341447291711488,family guy episode center boston marathon conspiracy theory pull web fox,Media
324351358427877376,brightside hear boston marathon blast,Outsiders
324359654752780288,rt @strangeveronica little girl lose leg boston prayforboston,Outsiders
324381242831302656,rt @livinginsg cos boston bombing muslim trend   wow fuck stereotype every bombing do muslim,Outsiders
324383054762242049,rt @myfoxmemphis mayor tom menino boston one community let terror win oneboston bostonmarathon   ah,Media
324402281485328385,american muslims revile bostonmarathon terror attack | american islamic forum democracy,Outsiders
324403107733839872,truth barney frank boston marathon bombing tax cut would help we deal   @thefiscaltime,Business
324411114656002048,pray boston   prayforboston  ,Outsiders
324421617222578176,idiot actor blame boston attack 2nd amendment,Outsiders
324428248421380096,bostonmarathon aman,Outsiders
324448121004359680,@merlinconda know zayn one terrorist bomb boston hm guess u're terrorist,Outsiders
324493549519384577,rt @fenvirantiviral sarasota boston thought go victim marathon bombing be sadden loss life,Outsiders
324496867205451776,rt @bostonmarathon rt get $ 1 donate victim boston marathon explosion donatetoboston,Outsiders
324500323324530688,story boston jwil many nightmare prayforboston,Outsiders
324512088364044289,boston marathon tragedy meet unbelievable act kindness   via @buzzfeed,Media
324532879524777984,lu lingzi third victim boston marathon bombing   via @buzzfeednew,Media
324553469342150656,rt @jilevin tea party congressman use boston marathon bombing justify oppose immigration reform,Outsiders
324562235429122048,halfwit actor @jaymohr37 blame boston attack gun culture 2nd amendment must go,Outsiders
324565569913368577,rt @loveforboston literally sad thing ever read prayforboston,Outsiders
324567776138248192,rt @mailonline break news fbi announce substantial progress boston bombing investigation,Media
324569550328823808,rt @ragreenecnn breaking authority believe identify boston marathon bomb suspect base 2 video stream source,Media
324570397553074178,break news official possible boston marathon bombing suspect see image second bomb site,Media
324571295150927873,rt @youranonnews link fix boston marathon bombing suspect reportedly identify,Outsiders
324571303514361857,rt @skynewsbreak u.s medium report fbi announce identify suspect boston marathon bombing,Media
324573581038190592,breakingnew | report substantial progress marathon bombing case |,Media
324575523009347584,rt @rt_america break suspect boston bombing describe dark skin male,Media
324575875305725952,rt @cbsboston report boston marathon bombing suspect identify surveillance video,Media
324577708245925888,china mourns boston marathon victim chinese internet user mourn chinese graduate student fall victim,Media
324578446443425794,rt @wcvb break accord @wuwcvb arrest bostonmarathon bombing imminent already take place,Media
324579759227023360,rt @skynewsbreak ap law enforcement official say arrest imminent follow boston marathon bombing,Media
324579952173404161,rt @slate rt @antderosa john king cnn arrest make investigation boston marathon bombing,Media
324580778442891264,tick tock tick tock wait terrorist rop follower cry reach crescendo id'd boston,Outsiders
324582653305180161,sportscenter police arrest suspect connection monday 's boston marathon bombing cnn report accord source,Media
324586365276794880,day hate social medium everyone rush first break news happen journalistic integrity bostonmarathon fb,Outsiders
324587036373831680,great news   official boston marathon bomb suspect custody @ap,Media
324592539296481282,rt @boston_police despite report contrary arrest marathon attack,Government
324592707043463168,rt @breakingnew boston police despite report contrary arrest marathon attack @boston_police,Government
324595852771479552,devaul boston marathon bombing father forgive come place call,Outsiders
324596582588755968,rt @foxsoccer rt @mcfc mcfc lay wreath tonight victim amp affect boston marathon bombing together h,Media
324597236895977474,rt @youranonnews cnn try confuse amp distract american public boston marathon suspect cispa pass h,Media
324602131669741569,excellent article @ggreenwald bostonmarathon bomb blast subsequent frenzy blame muslim   ,Media
324604300099715072,new post family guy episode pull edit online clip make light boston marathon bombing,Media
324604413366910976,international herald tribune video point suspect marathon bombing tomorrowspaperstoday,Media
324605721977176068,rt @6abc rt @abc u.s marshal bomb threat make federal courthouse boston time device find,Not labeled
324605747155570688,rt @stephenwalt medium report scrap rumor innuendo boston bombing suspect   b c fox prove every day penalty  ,Outsiders
324621580636405761,rt @fenvirantiviral doctor bomb contain pellet shrapnel nail hit victim bostonmarathon @nbc6,Media
324623270961876992,still obsess boston bombing report oop,Outsiders
324625422652428289,prayer 4 still mourn terrible unnecessary loss   still hurt newtown bostonmarathon,Outsiders
324626727051616256,rt @globedavidd boston college student postpone walk mark marathon bombing thousand indicate would come  ,Media
324638508876705794,boston bombing use malware scam bait malicious spam email use keyword relate attack,Outsiders
324651821589229568,rt @boston_police despite report contrary arrest marathon attack,Government
324652916310953984,rt @theonion internet come 8.5 million lead potential boston bombing suspect,Media
324670255555280896,profile picture martin richard kill boston bombing young boy big heart inspire @danecook,Outsiders
324700425179762688,rt @sportscenter must watch bruin fan sing emotional national anthem first home game since boston marathon bombing  ,Media
324701771538776064,helltotheyeah coverup rt @boazziz saudi detain bostonmarathon amp release cont,Outsiders
324705621905649664,selfie swaggypeacehope justordinarygurl prayforboston pray#selca need follower pluuuuhease,Outsiders
324707006034370560,adversary even cuba set beef aside mourn boston marathon adversary even cuba set beef,Media
324735330156699648,boston bangalore texas factory explosion enoughfornow be world head,Outsiders
324736416485629952,emerson college community show unity seven student injure marathon blast   via @bostondotcom,Media
324741541929316355,isaiah 40:31 right prayforw bostonstrong prayforboston,Outsiders
324742150115962882,ph consulate general new york say definitely filipino among casualty boston marathon terror attack,Government
324750853309345792,many horrible thing happen hope peace come soon cause get scary prayfortexas prayforboston,Outsiders
324757547405950978,waco 20yr today okc bombing columbine vtech shooting boston bombing happen week april wtf,Outsiders
324773355716767744,rt @thatssoraelynn explosion texas bomb boston go stop america fall peice prayforbostonandtexas,Outsiders
324794964787740672,prayfortexas prayforboston life short dwell little stuff,Outsiders
324847058026643456,boston bombing amp explosion texas add alongside virginia tech week mourn april prayforusall,Outsiders
324856960795176960,@espn_greeny hear audio boston way work amp see flag wave teary eye end prayforboston mike&amp;mike,Media
324868922937577473,rt @carlycarioli rt @huffingtonpost 2 man propose boston marathon attack,Media
324880935449395200,bostonstrong prayforboston bostonmarathon proud,Outsiders
324881220632727554,rt @yamiche spend day hospital boston bombing victim treat hope texas persevere well  ,Outsiders
324892490744332288,rt @jerkpru wow week mark anniversary columbine oklahoma city bombing vt two tragedy boston w,Outsiders
324898127876349954,rt @whlive happen 11et president obama speak interfaith service dedicate victim bombing boston  ,Media
324902297018720257,rt @rodneysuccess far week   prayfortexas    prayforboston    two 14 year old kill homeless man dare   bomb threa,Outsiders
324921586635378688,obama attend boston bomb service president obama attend service boston victim monday 's maratho,Government
324939534049607681,rt @youranonnews question fbi private military force boston marathon   via @57un,Media
324955623395586048,krachtige reddit community op boston reddit help solve boston bombing merely accuse innocent people,Media
324973415654105088,rt @sternshow h100 news high pitch obsesse tragedy boston jd still upset jason rob zombie opera song htt,Media
324977828074500097,rt @armyguygeorgia photo private military operative hire work boston marathon black backpack radiation detector  ,Media
324978482364944385,word power united nation obama   via @whitehouse bostonmarathon,Government
324996958278270976,rt @fox25news fox 25 photo possible second boston marathon bomber possible bomb explosion fox25 fbi,Media
324997302207016960,rt @chiquibabyla fbi fotos de los sospechosos bostonmarathon bombing checalas hazle share  ,Not applicable
324998724059291648,rt @buzzfeed release fbi suspect 1 suspect 2 boston marathon bombing  ,Media
324999512588435456,rt @nytimes surveillance video show two possible suspect boston marathon bombing,Media
325001152582270977,photo suspect 1 2 boston marathon bombing boston fbi help,Outsiders
325014511457280001,rt @cnnbrk fbi release photo 2 boston bombing suspect  ,Media
325031917793734656,rt @kenny_mayne @nytime photo two man want question boston marathon bombing    let us try,Media
325040650326257665,rt @massstatepolice boston marathon bombing suspect recognize either call 1 800 call fbi immediately  ,Government
325060732653821952,rt @massstatepolice retweete share marathon bomb suspect photo help bring justice bring ju,Government
325070396363767811,rt @buzzfeed rt @jaredbkeller exclusive boston bomb victim iconic photo help fbi identify attacker |,Media
325087622361923584,bombing boston waco explosion shooting mit go nation,Outsiders
325091690815844352,rt @southerrnnbelle break heart people boston prayforboston,Outsiders
325095222432378881,go emotional tmrw fenway first redsox game since marathon tragedy bostonstrong,Outsiders
325103644594827265,boston marathon texas mit point need stop pray specific location instead prayfortheworld,Outsiders
325113287299698689,rt @elaineliner bomb throw carjacker boston turn fbi suspect abc cbs nbc fox cnn et al look like,Outsiders
325114088394997760,prayforboston prayforbaghdad prayforafghanistan prayforsiriya prayforpalestine prayforsomalia,Outsiders
325122166620295168,find shooting mit anyone know relate boston bombing way,Outsiders
325122858684674049,week   marathon bombing mit shooting police chase watertown fertilizer plant accident   next,Outsiders
325122925810290689,rt @akitz backpack leave laurel st bomb squad mit mitshoote boston,Outsiders
325133277369364483,rt @buzzfeednews break one marathon bombing suspect catch another loose watertown @bostonglobe,Media
325140617392959488,rt @austinvesely first time police confirm scanner marathon bombing suspect boston wa,Outsiders
325142311874990080,  chaotic scene boston area explosion gunfire fatal shooting mit campus officer,Eyewitness
325143326909136896,rt @seankellytv state police officially say possible link marathon bombing likely link murder mit officer,Media
325144132223897600,rt @daily_star video update footage gunfire explosion boston cop search killer,Media
325146330034999298,people boston need prayer yet tonight marathon boston,Outsiders
325158602560118784,rt @stforeigndesk capture bostonmarathon bomb suspect dead we medium break,Media
325173970485784578,one boston bombing suspect presume dead still large catch bitch,Outsiders
325174322824101889,rt @jaredbkeller exclusive boston bomb victim iconic photo help fbi identify attacker |,Eyewitness
325176155701407744,rt @bbcnewsus watertown police search white cap boston marathon bomb suspect loose shoot carjack htt,Media
325179741835497473,will find second bostonmarathon bombing suspect dead somewhere will not take alive,Outsiders
325180589118484480,rt @savannahguthrie live coverage nbc major development bostonmarathon attack 1 suspect dead 1 large,Media
325187727790321664,rt @breakingnew resident west boston tell stay home amid search bomb suspect transit shut @ap  ,Media
325197450203783168,rt @buzzfeedandrew rt @ap breaking ap source boston bomb suspect russia region near chechnya live we least 1 year,Media
325198607819091968,rt @michaelskolnik break ap survive boston bomb suspect identify dzhokhar a. tsarnaev 19 cambridge mass,Media
325201992643395584,rt @rt_com break photo survive boston bomber dzhokhar tsarnaev social network account  ,Media
325202500149968896,rt @yahoonews break survive boston bombing suspect idd dzokhar a. tsarnaev 19 live cambridge mass one year @ap,Media
325204542763442176,rt @rt_com fbi photo boston bombing suspect amp photo dzhokhar tsarnaev vkontakte page   ht,Outsiders
325207508127977473,rt @nprnews npr 's dina temple raston say 19 year old suspect dzhokar tsarnaev alive 20 year old brother know suspect 1  ,Media
325210305724563456,boston marathon bombing suspect kill another large explosion gun fighting- @ky_enquirer,Media
325210821661687809,rt @xzy rt @russian_market djohar tsarnaev write social network personal priority career money boston,Media
325213891854483456,watertown djohar tsarnaev 's profile last see yesterday 8:04 pm,Outsiders
325214567175176192,rt @cnbc breaking 1 suspect boston marathon bombing dead one remain large consider armed dangerous official,Media
325221353546477568,rt @buzzfeedben tamerlan tsarnaev 's youtube page focus islam   via @buzzfeed,Media
325227305276416001,somewhere right film producer screenplay write boston bombing america,Outsiders
325231038169247747,boston marathon bombing suspect kill another large,Media
325231935750283266,marathon bombing suspect number 1 train allston mma gym wai kru use train unreal,Outsiders
325235274454007808,rt @yesyoureracist attention racist boston bombing suspect actual caucasus region mean literally could n,Outsiders
325236075549323264,thing lamer make fake twitter account boston terrorist actually follow lamelamelame,Outsiders
325236864086859777,rt @maxtollensjr boston terror attack illustrate two point not move fast immigration reform not give 2nd amend,Outsiders
325237988156121089,rt @cbsnew update fbi release new photo second boston marathon suspect actively pursue photo  ,Media
325238281749012481,rt @boston_police want suspect identify 19 year old dzhokhar tsarnaev cambridge suspect consider armed amp dangerous htt,Government
325243306512625664,rt @huffpostpol rt @huffingtonpost fbi release new photo suspect dzhokhar tsarnaev,Media
325244455777103872,rt @carlossaavedra2 go blame world immigrant outsider actually fight war violence bostonmarathon,Outsiders
325245726655385600,could palmspring weekend @diananyad 24hr hurricanesandy amp bostonmarathon nonstop swim would dive w/,Not labeled
325247211418034176,rt @sportscenter break suspect 1 boston marathon bombing shoot kill police suspect 2 run massive manhunt unde,Media
325247878324969473,rt @ehabz boston suspect 's twitter @dzhokhar not seem like terrorist,Outsiders
325253402210738176,rt @globalrevlive bangladeshi beat bronx arab boston bomb,Media
325257638461988864,boston marathon bombing medium error pile outrage   via @thedailybeast,Media
325266526183759873,rt @kennygw redditor pull crumple note look webcam dzhokhar like ranch dressing miss lippy ’s car green,Outsiders
325268443005870080,dzhokhar tsarnaev cold blood,Not applicable
325270665957634049,rt @reagan_girl terroristic threat boston bomb suspect dad tell son surrender say hell break loose son die http,Outsiders
325272721183350784,rt @megatroncbi grand theft auto dzhokhar a. tsarnaev would 6 star,Outsiders
325273044140580865,rt @itweetfact bombing suspect dzhokhar tsarnaev receive we citizenship sept 11 2012 11 yrs day 9/11 attack,Media
325273136411054080,rt @chirphard one else want get line gauntlet let dzhokhar tsarnaev skate bostonstrong,Outsiders
325273794937765888,cnbc manhunt hit travel logan flight run amid bombing manhunt boston train bus service wer,Media
325273853641240577,uncle boston bombing suspect speak live @cnn,Media
325279012639342593,@youranonnew lot people n boston malden medford everett stoneham lose power report attack grid niagara confirmation,Not labeled
325279402705440769,keep bomber boston marathon bombing f.b.i really great must say,Outsiders
325280220594712578,rt @adriennebatra .@thetorontosun aunt boston marathon bombing suspect live toronto @sunreporteryuen exclusive interview http,Media
325280363217838080,heart hurt boston coffee shop bombing iraq kill 27 make brain hurt come human must get well,Outsiders
325289477432016898,dzhokhar 's actual twitter wtf,Outsiders
325290492441018369,uncle marathon bombing suspect speak   boston,Media
325290995782651905,boston marathon bombing suspect    please read please rt,Outsiders
325294896485371904,pro moscow chechen leader blame we boston bombing |  ,Media
325299489223086083,rt @ruxandraguidi afraid immigration reform tie bostonmarathon attack since suspect immigrant,Outsiders
325304530763935744,suspect 's father think set   suspect 's uncle say be loser bostonbombe bostonmarathon,Outsiders
325307651351252994,rt @buzzfeednews photo boston bombing suspect 8 year old martin richard heartbreake,Media
325309320663281665,rt @cp24 toronto woman identify aunt boston bombing suspect demand see evidence fbi  ,Media
325312843887026176,rt @140elect dzhokhar tsarnaev 's uncle ruslan tsarni true american watch interview truly powerful   w,Media
325323874898161664,rush limbaugh obama pal bill ayre get start boston bombing type act,Media
325325695226101760,rt @boston_police want search 19 yr old dzhokhar tsarnaev continue suspect armed amp dangerous call 1(800 call fbi,Government
325328060842905600,rt @boston_police want search 19 yr old dzhokhar tsarnaev continue suspect armed amp dangerous call 1(800 call fbi,Government
325329721774723072,catch boston terrorist make sit boston bruin bench game one would bomb america ever,Outsiders
325330736779497472,marathon bomb suspect elude police hunt shut boston watertown massachusetts reuters black hawk helicopter heavily,Media
325332943016968193,rt @rt_com urgent set son would never ever carry terror attack tsarnaev brother mother zubeidat tsarnaeva,Media
325333064614039554,urgent set son would never ever carry terror attack tsarnaev brother mother zubeidat tsarnaeva,Eyewitness
325335799333785602,possible twitter account bostonmarathon terrorist dzhokhar tsarnaev chechya   bostonbombe manhunt,Outsiders
325338026492444672,hey reddit enough boston bombing vigilantism alexis madrigal  ,Media
325343927861387264,song pray justin bieber go people lose someone bombing boston pray u prayforboston,Outsiders
325350965937074177,apparently bombing boston chechen people sort russian glad peep escape one haha,Outsiders
325353604150079488,rt @the_ironsheik dzhokhar tsarnaev front run mother put dumb bitch camel clutch nikolai,Outsiders
325355021795463169,rt @nbcnew bostonmarathon suspect twitter boston bombing stay safe,Media
325356330418315265,rly hope find dzhokhar tsarnaev alive blow ass pressure cooker bomb msnbc thirtysixhoursstraight,Outsiders
325360726082461697,rt @domf_say someone call police house think boston marathon bomber interrogate ho,Outsiders
325368292598489090,rt @ourgreatamerica dzhokhar tsarnaev    bad news never lose hide seek ask bin laden saddam good luck,Outsiders
325371509625454592,rt @deadspin video cnn empty boston be though bomb drop oh,Media
325379675943747585,rt @yousefzadeh stay indoor order lift even though dzhokhar tsarnaev not capture point instit,Outsiders
325385854140940288,rt @deadspin video cnn empty boston be though bomb drop oh,Media
325388756582543360,disappointed tsarnaev kill,Outsiders
325392887980363776,rt @mclarkhamilton bomb squad arrive scene swat police engagement suspect 2 watertown boston,Outsiders
325393236111794177,rt @acspollen tamerian tsarnaev question 2011 fbi release well do fbi well do bestofthebestoftheb,Outsiders
325393642950893569,rt @buzzfeednews chill photo boston bombing suspect marathon h @justinjm1  ,Media
325396675428495361,mitshoote bostonmarathon chopper say flash bang bow suspect stern good distance grenade,Eyewitness
325399141679243264,rt @watertowntab rt @peteswire breaking well shot boat suspect bostonmarathon bomber hide wbz,Outsiders
325402018980188161,grand theft auto dzhokhar tsarnaev would definitely 6 star right,Outsiders
325402681684398080,rt @rt_america cispa bad patriot act texas blast safety boston bombing amp overlook tragedy video,Outsiders
325403281486647298,rt @ourgreatamerica dzhokhar tsarnaev    bad news never lose hide seek ask bin laden saddam good luck,Outsiders
325405613511286785,rt @buzzfeedandrew rt @cbsnew fbi acknowledge interview tsarnaev 2 year ago request foreign country possi,Media
325406083256573954,suspect normal kid use hang smoke pot fox news guy say dzhokhar,Outsiders
325407320605609984,@daynaog yeah westboro baptist bomb boston marathon wtc pentagon kill 1000s americans never,Outsiders
325408398520750080,rt @bostonglobe break news three people take custody new bedford part boston marathon terror bombing investigation,Media
325408549519896577,rt @ourgreatamerica dzhokhar tsarnaev    bad news never lose hide seek ask bin laden saddam good luck,Outsiders
325408893440241664,rt @bostonglobe break news three people take custody new bedford part boston marathon terror bombing investigation,Media
325409480672149505,rt @biggallagher put catch terrorist mode next call duty boston,Outsiders
325409740693831681,rt @soveryawkward awkward moment dzhokhar tsarnaev not realize boat work water manhunt bostonmanhunt,Outsiders
325410294367133697,rt @bostonglobe break news boston marathon terror bombing suspect arrest,Media
325410327917371392,rt @taosecurity @bostonglobe dzhokhar tsarnaev custody good work le,Media
325410667643416576,rt @bostondotcom break news boston marathon terror bombing suspect arrest,Media
325410688610742273,rt @uberfact boston bomber dzhokhar tsarnaev finally arrest custody,Media
325410873147535360,would name ever dzhokhar tsarnaev tf,Outsiders
325411024142467073,rt @aballplayerlife boston bombing suspect 2 gotheeeem,Outsiders
325411137388675075,officer involve take tsarnaev custody never buy drink,Outsiders
325411166778171392,rt @pbandjenelley_1 get prayforboston,Outsiders
325411292586319872,rt @_snape dzhokhar tsarnaev custody bring azkaban bostonmanhunt manhunt,Outsiders
325412223734394880,rt @uberfact boston bomber dzhokhar tsarnaev finally arrest custody,Media
325412848673112064,rt @bostondotcom state official tsarnaev alive conscious capture,Government
325413066806263809,rt @abc break boston bomb suspect take custody police say  ,Media
325415650463989762,boston police second suspect week 's boston marathon bombing custody extensive manhunt cnn,Government
325416636158971904,rt @_snape dzhokhar tsarnaev 's name rearrange hazard thank know else rearranged name lord voldemort boston,Outsiders
325416682266963970,rt @_snape dzhokhar tsarnaev 's name rearrange hazard thank know else rearranged name lord voldemort boston,Not labeled
325419341480878081,punishment suspect boston bombing shove bomb ass,Outsiders
325420784287891457,rt @honest_southern hey dzhokhar tsarnaev one word america,Outsiders
325420805288755201,rt @thefpshow rest easy appear spiderman join search boston marathon bomber,Outsiders
325421740601774080,shot fire three door house franklin tsarnaev capture surreal @cnnbrk  ,Media
325424999567605760,rt @africandad @cnn @foxnews pronounce dzhokar tsarnaev correctly can not pronounce emeka okafor right see america,Outsiders
325427449066319872,glad standoff watertown kudo law enforcement officer involve ripseancolli prayforboston,Outsiders
325431240696152064,rt @peteswire break well shot boat suspect bostonmarathon bomber hide wbz,Media
325436525510815745,tonight 's tweeting capture boston bombing suspect show twitter,Outsiders
325438631068184576,rt @kevinbinversie say smoking not save life boat owner find tsarnaev step outside cigarette,Outsiders
325441269289590785,rt @johnfugelsang reminder 45 senator vote let dzhokhar tsarnaev buy weapon gun show w inconvenient background check,Outsiders
325449443971325952,boston marathon bombing cop kill suspect 1 hunt suspect 2,Media
325450542883151874,rt @baseball_jesus dzhokhar tsarnaev take multiple aroldi chapman fastball nut punishment merica,Outsiders
325453105611284480,rt @cnnbrk boston marathon suspect custody boston police say,Media
325475838734774272,rt @ourgreatamerica dzhokhar tsarnaev    bad news never lose hide seek ask bin laden saddam good luck,Outsiders
325480821580505089,fbi release photo boston marathon bomber suspect manhunt,Government
325541332808515585,rt @rolandparis crowd source go wrong boston   via @davelee norway attack,Outsiders
325551894049210368,sketch @jessieexclusive @cnn predict dzhokhar tsarnaev would find friday   conspiracy bostonbombe  ,Media
325554364481675264,rt @ajelive kremlin say russia we agree step counter terrorism co operation follow bostonmarathon bombing |,Media
325570655162601472,rt @ourgreatamerica dzhokhar tsarnaev    bad news never lose hide seek ask bin laden saddam good luck,Outsiders
325574845289074689,drake relay ban bag wake boston marathon attack kcrg,Media
325601063862403073,boston bombing latest father tamerlan dzhokhar tsarnaev deny angelic son action,Media
325622115082584064,rt @arthur_read8 dzhokhar tsarnaev capture fbi focus find dw 's snowball,Outsiders
325636841292316672,rt @marcomartucci77 definitely see whole boston marathon story turn movie,Outsiders
325642830754217985,2nd suspect find bostonstrong prayforboston,Outsiders
325643074015490048,david remnick brother tsarnaev   via @newyorker,Media
325662749508116480,rt @mean_marine time stone liberal medium accuse christian tea party white guy   boston bombing millstone muslim,Outsiders
325670009844146176,rt @lemieuxlgm tsarnaev read miranda right,Media
325688510906519552,umass player jersey saturday ’s spring game bear name kill boston attack,Media
325696555598356480,rt @foxnews watch fenway faithful sing national anthem day boston bomb suspect 's arrest,Media
325703019033403393,rt @ernestfarrow report saudi national dhs file say individual link boston bombing    via @wordpressd,Media
325708958155284480,photo boston bomber capture alive massachusetts college student want boston marathon bombin,Media
325726779765567488,rt @marathonkoach 1 among 1st stop bostonmarathon 25.7 trouble see 13 medal ebay $ 1100   wrong fb,Not labeled
325742063779987456,rt @salon czech diplomat boston marathon bombing medium frenzy please stop confuse chechnya czech republic,Media
325751324828381185,zooey deschanel boston bombing suspect accord fox news photo,Media
325751748461461504,add boston marathon bombing pile fail eliminationist narrative   via @sharethis,Outsiders
325756605461311488,rt @bbachsbeat u.s govt not seek death penalty tsarnaev life imprisonment without parole amp daily hard labor,Media
325765040189886465,plz flw @patriotradionet one suspect boston bombing dead   ,Media
325780093572104192,rt @twitchyteam barack dawg election tweet retweet boston bombing suspect 's report account,Outsiders
325791070065664001,people dress alike boston marathon bombing,Outsiders
325791460110778370,new fund create support victim boston marathon explosion,Outsiders
325798070354841601,rt @foxsportsaz keith yandle honor 8 yr old boston bombing victim martin richard pre game warmup chicago tonight,Media
325878609350893568,rt @maleamcguinness thought prayer everyone boston marathon dishearten human one another,Outsiders
325903427043467264,tamerlan tsarnaev 's hateful rage behind american dream   telegraph.co.uktamerlan tsarna,Media
325911933121339392,practically asthma attack watch london marathon coverage excite everyone run good luck mentalist,Not labeled
325980832936366081,dream hang dude make bomb boston,Outsiders
325982175113658369,david remnick brother tsarnaev   via @newyorker,Media
325983613780885505,bostonmarathon suspect still serious condition accord fbi treat beth israel deaconess hospital,Government
325986956607631362,boston bombing suspect probe link extremist group tv   via @ria_novosti,Media
326017763783094272,rt @thedailyshow cnn 's exclusive report boston marathon bombing exclusive completely f**ke wrong,Media
326019848360579073,8 campaign help boston victim family tragic week boston be good news,Media
326040492741627904,glenn beck threaten expose u.s government cover boston bombing video,Media
326109602276048896,world focus good picture week boston marathon bombing margaret thatcher 's fu,Media
326143286718894080,rt @reuter boston marathon case prosecutor know aggressive record,Media
326161762644803585,rt @joeshowradio @joerogan bill right write dzhokar tsarnaev,Not applicable
326170826539954177,@swamy39 boston bombing culprit would escape india   teenagers.our juvenile law would set free,Outsiders
326183245861511169,key congressman request classify briefing saudi person interest boston bombing,Media
326254918111477760,   boston bomb suspect kill shootout police,Media
326289663721611264,rt @kavkazcenter afp north caucasus rebel deny link boston attack website website use russia 's north caucasus,Media
326293665108598786,brother lead suspect murder know tsarnaev brother remember big friendly giant,Media
326327395713953792,rt @kiritradia_abc mom abc boston suspect influence brother tamerlan say law dzhokhar ’ raise,Media
326344525222141953,boston mark week marathon bomb silence @ap,Media
326349612938047488,brokawlive tom brokaw melissa harris perry boston terrorist attack ’ lot still need kn,Media
326372455121833985,thug mt @sdlaborcouncil 200 teamster lcl 25 member shield boston bombing victim funeral westboro protester,Outsiders
326374925550100480,doctor boston bomb patient likely live boston      ap rebuttal terrorist tri,Business
326376376791875584,rt @thorntonfdn watch nhlbruin honor first responder event surround bostonmarathon tragedy,Outsiders
326377047880511489,rt @dongeronimoshow rad free speech fun time tragedy don;t go boston wear theit shirt tell,Media
326383158985621504,rt @th3j35t3r boston bombing hunch,Outsiders
326383695843958784,dead suspect 's wife distraught wife deceased boston marathon bombing suspect tamerlan tsarnaev,Media
326386048852701186,bombing suspect boston plan attack,Outsiders
326398409462398976,rt @reuter boston bombing suspect treat enemy combatant prosecute via criminal justice system white house break,Media
326405464260763651,boston bomber dzhokhar tsarnaev charge marathon terror bombing dzhokhar tsarnaev hit wit,Outsiders
326411810272059393,dzohkhar tsarnaev charge boston bombing lie hospital bed   via @huffpostcrime,Media
326433872281747456,rt @tintin1957 bostonmarathon 1 day 2 bomb 3 dead 1 child +100 injure syria 800 day 1000 's bomb +90k dead 6000 child,Outsiders
326455099671068672,boston fall silent remember marathon bomb victim boston observe moment silence mark one,Outsiders
326457876287729664,@abc law enforcement source say boston bombing suspect learn make bomb via instruction find internet surprise,Media
326461911241719808,via wsj highlight complaint boston bombing suspect wall street journal abc newshighlight fr,Media
326503892030455808,rt @irritatedwoman beck ’s bombshell obama hide third boston marathon terrorist plan sneak country pat dollard,Outsiders
326509269094629376,rt @mbtagm @mbtatransitpd honor guard stand moment silence remember victim marathon attack,Outsiders
326510258958770176,rt @jaketapper boston bombing suspect tell official old brother drive force behind attack gt,Media
326657479024992256,boston bombing suspect dzhokhar tsarnaev reportedly tell official h,Outsiders
326703641534820352,kerry turkey compare boston bombing victim terrorist flotilla kill israel   opisrael,Outsiders
326715192660594688,rt @oliversmomma @3pageprophecy still listen give thank especially day like today prayforboston,Outsiders
326723006636371968,rt @rickardo74 luis saurez nibble ivanovic big news maggie thatcher death boston bomb sky sport cum,Not labeled
326729990181888000,catch going boston marathon morning take 30 min feel know would ever want,Not labeled
326776827945304064,rt @realalexjones new picture purport show tsarnaev brother engage firefight police,Media
326779742999175168,boston bombing incredible picture emerge suspect street gun battle police boston bo   via @idopub,Media
326779826893635584,rt @bostonglobe break | source marathon bombing suspect admit brother detonate bomb kill police officer,Media
326790664979365889,sibel edmond boston bombing us root chechen terrorism   via @youtube,Media
326801129763639297,rt @johnpaulpagano essential part tamerlan tsarnaev 's radicalization indoctrination conspiracy theory,Media
326834088587706369,rt @petesouza photo pre obama observe moment silence 2:50pm today honor boston marathon victim,Outsiders
326848399540379648,check donate one man marathon one fund boston   ,Outsiders
326850333122895872,rt @yossigestetner tamerlan tsarnaev also possess copy protocol learn elder zion,Media
326892959834456064,rt @aguywithnolife pressure cooker use boston bombing buy macy 's taylor swift spokeswoman macy 's,Outsiders
326972194427129856,uncle suspect 's friend brainwash completely uncle man accuse boston marathon bomb,Media
327039806628577281,rt @citizenradio steubenville coach get contract extension boston bombing suspect cite we war motivation   c,Media
327221671637422081,new image boston bombing suspect battle police,Media
327239468081897472,mccain falsely claim authority long question boston bombing suspect   gop ever right never,Outsiders
327242408288997378,boston marathon bomb really get think wonder dear lord not exgf be race,Outsiders
327265535685431298,london marathon honor boston victim    via @kr3at,Outsiders
327295344599764992,boston bombing stir echo unrest caucasus kizilyurt russia automatic weapon side,Media
327328336982454273,rt @soundcloud support soundclouder @stephenrandall 's tribute song victim boston marathon bombing bostonstrong,Outsiders
327343600042131457,rt @cnnbrk father boston bombing suspect expect travel u.s talk investigator,Media
327424952766701570,rt @chibambo lt;3 @jianghomeshi 's reminder boston mind = less connected tragedy around world,Outsiders
327435014935564288,sad many level @nbcnew confirm brown university student falsely identify boston bombing suspect find dead providence river,Media
327457634808647681,boston marathon bombing investigator use crowdsource photograph   photography,Outsiders
327508226507681792,bomber time square plan boston bombing suspect dzhokhar tsarnaev reveal new york terror plan video,Media
327526924719104003,@slaylly cabbie believe close encounter marathon bomb suspect pick unusually heavy backpack local ta   @tobikinz,Outsiders
327537364308201474,boston bombing suspect tell right 2 remain silent controversy judge make miranda right call boston case   @wsj,Outsiders
327540967223738369,@slaylly middlesex county prosecutor build murder case dzhokhar tsarnaev officer ’s slaying middlesex county   @tobikinz,Media
327551398449381377,rt @lawsonbulk fbi warn people wary marathon bombing relate online fraud  ,Government
327637251691511810,rt @richarddeitsch send @globemoskowitz piece man carjack boston marathon bomber be remarkable,Media
327688145363693569,future rt @imdbtv mad momma tsarnaev eliminate celebrity apprentice allege show rig,Not labeled
327714703675641856,late development boston bombing investigation late development bosto,Media
327895134270263296,lede tale tsarnaev brothers carjack victim boston globe publish riveting story ab,Media
327913819873607681,rt @irritatedwoman rep king nyc warn soon tsarnaev threat city,Outsiders
327919620625428480,boston suspect move fbi search landfill boston ap boston marathon bombing suspect dzhohkar tsarnaev mov   @tobeymonster,Media
327980115055230976,rt @lauriesegallcnn reconstruct trail dzhokhar tsarnaev 's delete instagram account   late @erica,Media
328172629397737474,rt @jricole pot partying   top ten sign tsarnaev brother not pious muslim,Outsiders
328258189021810688,letter hope marathon bombing,Outsiders
328271191343255552,@ayoubchoudhury soon dzhokhar say innocent guilty trial go say,Outsiders
328304607367405569,wow even run safe day thought prayer hurt tragedy boston marathon,Outsiders
328350748922494976,jihad discussion lead warn tamerlan tsarnaev russian authority never explai  ,Outsiders
328577585258823681,russia record boston bombing suspect discuss jihad mother phone   via @slate,Media
328589782307438592,boston bombing suspect father postpone trip we cite poor health father two boston bombing,Outsiders
328926119359299584,rt @let_him_go want send   jahar letter send    dzhokhar tsarnaev fmc deven federal medical center p.o box 879 ayer,Outsiders
328993299522256896,@tobeymonster prominent death penalty lawyer judy clarke join marathon bombing suspect 's defense team boston ap   @sancheezyrican,Media
329065672229404672,rt @runnersworld race director dave mcgillivray complete bostonmarathon today,Outsiders
329190494724816896,rt @missdiagnosis late   jihad bostonmarathon bomber forget motive via @nypostopinion  ,Outsiders
329258475999866880,holy crap stupid dem congresswoman background check would stop tsarnaev shootout   dnc nra gop ow,Outsiders
329294354059493377,rt @cnnbrk source fed eye take death penalty table boston bomb suspect exchange attack detail,Media
329319729623859200,boston bombing suspect ’s family reportedly receive $ 100 g taxpayer good grief &amp thank get,Outsiders
329354693325225984,rt @up2datemma white visit boston write check bomb victim mix martial art news,Government
329397970170691585,source dzhokhar tsarnaev arrive hospital cover blood allege boston bomber dzhokhar tsarnaev,Media
329505289810362369,rt @sextinghoran boston marathon tragedy day remember,Outsiders
329530338189647872,uncle family claim boston bomb suspect 's body   via @usatoday,Media
329614840832327682,rt @boston_police three additional suspect take custody marathon bombing case detail follow,Government
329623376266149888,report suspect custody allegedly help dzhokhar tsarnaev bomb   via @davidtaint,Media
329625188188692480,update three people arrest roommate tsarnaev umass dartmouth say @nbcnews,Media
329640887460167680,rt @wwltv heavy rain expect afternoon late update three arrest boston bombing minute eyewit,Media
329644817531420672,rt @mitchellreport .@petewilliamsnbc say 3 accuse take item belong dzhokhar throw away deny,Media
329659724100419586,anyone see old man fall ground like sack shit bostonmarathon noob,Outsiders
329675268182663169,three arrest make boston marathon bombing photo,Media
329687486194401281,three custody boston marathon bombing investigation,Outsiders
329970912067723264,fbi update investigation multiple explosion boston,Government
330109428969897985,rt @cnnbrk source suspect boston bomber initially plan carry attack july 4 bomb ready early,Media
330414270976229376,@grantwahl well maybe want game boston area marathon bombing,Outsiders
330551500210331648,bostonmarathon bomber tamerlan tsarnaev death photo wonder kinda gun glad blast tho,Outsiders
330562824835330049,brtt ➠ boston bombing us custom decide verify international student visa    tgdn tcot ccot,Media
330702608421494785,rt @iamyayagabbana lot niggaz be not go to make end summer prayforboston,Outsiders
331021937579008000,rt @kylegotjoke know boston shit much deep news say wakeup prayforboston freeband,Outsiders
331401605956108288,high security bomb dog moment silence o.c marathon,Not labeled
331857161913253889,boston marathon bombing survivor tell one fund boston administrator traumatize blast,Eyewitness
332561800795144193,@nytime boston police not tell f.b.i get warn tsarnaev,Media
333035488694906882,rt @thespoonyone one would think people would bid huge money tsarnaev bury property sell ticket wizz,Outsiders
333120377226158081,local surprise tamerlan tsarnaev bury virginia cemetery,Media
333279915938021376,anyone notice boston bombing govt uncover mad bomb plot around country,Outsiders
333627296600686594,rt @ohpubertalk r.i.p 8 year old girl die boston 's explosion run sandy hook kid prayforboston,Outsiders
333948244725989379,rt @doc_0 administration keep tab tsarnaev welfare terrorist clan way go innocent political dissident,Outsiders
333963193238032385,@armchairarab @libyanbentbladi sorry compare happen boston explosion,Outsiders
333981371368353794,boston marathon zup emerge tweetzup,Outsiders
334949521555603456,rt @ciapressoffice wig cia spy ryan c. fogle reportedly seek information boston bombing,Government
335100856246624256,lmaoo tsarnaev allegedly write note boat hide,Outsiders
335734858879995904,unburie tamerlan tsarnaev lesson greek tragedy   via @newyorker,Media
336045166039281664,bostonbomber 6star grand theft auto early dzhorkar tsarnaev maimingmiler music roadkill deadmandown,Not applicable
336356106601394176,fake death boston marathon not want know    interesting true point r valid,Not labeled
336926632583512065,rt @bretlockett26 heart prayer go everyone affect tragedy boston,Outsiders
337175551951400960,orlando man kill fbi tie boston marathon bombing suspect nbc news confirm,Media
337225145414479873,fbi kills man link boston bombing suspect,Outsiders
337359539294842880,friend boston bombing suspect shoot kill fbi agent @pierretabc report,Media
337542079603437569,be worse- security service say know terrorist investigate would never hear london boston,Outsiders
337602527912660992,2 fbi agent involve dzhokhar tsarnaev ’s arrest fall helicopter die   via @sharethis,Media
337825887162617856,steve sailer tsarnaev todashev story immigration fraud write,Outsiders
337833407570640897,@vencace iht rendezvous question london kill echo boston bombing brutal daylight murder duty soldier,Outsiders
337937153688473600,rt @redsox redsox fan help @davidortiz raise money boston marathon victim purchase custom bat  ,Outsiders
338321003807649794,rt @mattpep15 thousand get finish bostonmarathon today be photo finish,Not labeled
338695282491527170,boston marathon winner lelisa desisa honors city victim,Outsiders
338979664712327168,fbi killing man tie tsarnaev self defense excessive force,Media
339257361170591744,@elenaaaaaa6 candy crush game amp;&amp prayforboston not tell people dm feel,Outsiders
340244410954547200,rt @1510wlac boston strong concert benefit marathon victim take place tonight,NGOs
340341051917209601,boston bombing suspect walk,Outsiders
340690781352378370,rt @klsouth fbi agent eliminate boston terrorist tamerlan tsarnaev die fall helicopter fbi say   oh,Media
343337278111875072,rt @dens btw special thank @dick help amp @chelsa complete fundraising goal boston marathon hence runfor tw,Not labeled
344322373329235969,rt @fancyfenty touch ur lebanese ass stick rt @reiaxbro name would rather yell bed dzhokhar jahar,Outsiders
