Tweet ID, Tweet Text,hashtags
323808103780990976,RT @VitoCaro7: Good luck to @kyle_piersma today! It seems like just yesterday I beat you in the river bank run #bostonmarathon,['#bostonmarathon']
323874466063085568,Awful scenes at the #BostonMarathon. The photo doing the rounds is pretty horrid...,['#BostonMarathon']
323874558325161984,Holy shit RT @theoriginalwak: What the fuck just happened?  #bostonmarathon http://t.co/dPh7lvZoxl,['#bostonmarathon']
323875502056161281,RT @Lana: oh my god... RT @theoriginalwak: What the fuck just happened?  #bostonmarathon http://t.co/T34ZfIhE4p,['#bostonmarathon']
323876642911031297,#BREAKING @WBZ reporting several people injured after explosion at Boston Marathon finish line. ..   http://t.co/jWqVOcuUzw,['#BREAKING']
323877985088331778,RT @lindsaylohan: Sending prayers to everyone who was/is at the #bostonmarathon,['#bostonmarathon']
323879717306507264,RT @michellemalkin: RT @JimArmstrongWBZ Entire Copley square area being evacuated. I'm being moved to Clarendon street. #wbz #bostonmarathon,"['#wbz', '#bostonmarathon']"
323879973188419584,RT @mjbrender: All those concerned for loved ones in the #BostonMarathon - you can see where they last checked in here: http://t.co/gQT2 ...,['#BostonMarathon']
323880610726834178,RT @maevejrolf: I hope everyone is okayüòîüôè #PrayForBoston,['#PrayForBoston']
323880942081040384,RT @FamousNobodies: #PrayforBoston  http://t.co/gI43vojykl,['#PrayforBoston']
323881852215631873,"RT @spj_tweets: Social media chaos re: #BostonMarathon. Live video + lots of photos. Exercise ethics, journalists. It looks gruesome.",['#BostonMarathon']
323883236331761665,RT @TeamRunner4Life: Thoughts &amp; prayers to everyone that was near the explosion by the Boston Marathon finish line. scary #BostonMar ...,['#BostonMar']
323883827762180097,RT @tim_brannigan: Photo of the bomb actually exploding in the distance at #Boston marathon http://t.co/LA8LhMQVnF,['#Boston']
323885052498960384,#prayforboston bless their hearts!,['#prayforboston']
323885429977911296,Please don't let this be terrorists... #BostonMarathon #PrayforBoston,"['#BostonMarathon', '#PrayforBoston']"
323885803266797568,RT @BigBootyProbs: #PrayForBoston http://t.co/rVpnX46oSE,['#PrayForBoston']
323886050709737472,#PrayForBoston.. this is so sad.. :( my prayers are with all of them,['#PrayForBoston']
323886226878902272,"RT @cnnbrk: Two blasts at #Boston Marathon have injured at least 6 people,some seriously; situation still developing. http://t.co/rCfe7P4JyR",['#Boston']
323886243681284097,RT @piersmorgan: BREAKING: CNN reports counter-terrorist cops now patrolling major landmarks here in NY after #BostonMarathon explosions.,['#BostonMarathon']
323886612754870273,I'm going to be raising money for #BostonMarathon it's not fair what happens to good people,['#BostonMarathon']
323886994457501696,RT @Podolski10: Praying for everyone at Boston Marathon!! #Bostonmarathon #Pray,"['#Bostonmarathon', '#Pray']"
323887120261468160,RT @MarissaNBCLA: #BREAKING #BOSTONMARATHON former LAPD Chief William Bratton live on NBC News right now said one of his sources estimat ...,"['#BREAKING', '#BOSTONMARATHON']"
323887153811705858,RT @cnnbrk: New York City has tightened security in wake of explosions at #Boston Marathon. We don't know extent of casualties. http://t ...,['#Boston']
323887661318303744,RT @ItsJennaMarbles: #PrayForBoston http://t.co/JeZrZhsETU,['#PrayForBoston']
323887665546149888,#PrayForBoston üôåüôèüôåüôèüôè,['#PrayForBoston']
323887711649923074,RT @WhiteGinga1999: #PrayForBoston Crazy bastards...........,['#PrayForBoston']
323888181441351681,RT @BethanSheeran: woah oh my god this is horrible #prayforboston,['#prayforboston']
323888198226956289,Vice President just described on CNN a bombing not an explosion #Boston,['#Boston']
323888298886041601,"RT @mufc_blog: #prayforboston shocking scenes, tragic for everyone involved :(",['#prayforboston']
323888378577817600,RT @TheFireTracker2: Boston authorities asking people to limit cell phone use. Systems overloading #BostonMarathon #boston #UseText,"['#BostonMarathon', '#boston', '#UseText']"
323888600846581761,RT @runnersworld: BREAKING: Bombs reported near Boston finish line http://t.co/NVjoKgy9Bz Will add as story develops. #BostonMarathon,['#BostonMarathon']
323888730895171584,"RT @AbbyWambach: Just heard about the tragedy at the Boston marathon. Please people, stop this. I beg you. #bostonmarathon",['#bostonmarathon']
323888860910194688,"News reports are at least 3 dead, 30+ injured. #PrayForBoston #BostonMarathon http://t.co/FGrUsunirn","['#PrayForBoston', '#BostonMarathon']"
323889179664732160,My thoughts and prayers go out to everyone injured at the Boston Marathon.  #onelove,['#onelove']
323889984962695169,"There may be another bomb in the JFK library, there are some sick people in this world #prayforboston",['#prayforboston']
323890173735747584,RT @dee_8689: Pray for all of the victims at the Boston marathon #PrayForBoston,['#PrayForBoston']
323890249220648961,RT @AnnieGelnaw: It's so sad that a person could just hurt innocent people #prayforboston,['#prayforboston']
323890337317793793,I just don't understand how these things keep happening. #prayforboston,['#prayforboston']
323890354074046466,RT @katyyperryyoxo: #prayforboston ‚ô•,['#prayforboston']
323890618315186177,RT @samclaflin: My thoughts and best wishes to those in Boston right now #BostonMarathon.,['#BostonMarathon']
323890790298427392,"RT @KayCNN: Boston PD to CNN:  22 injured, 2 deaths in #Bostonmarathon explosions.",['#Bostonmarathon']
323890945475104769,There are some really cruel and sick people in this world. I wish they'd all just disappear. This stuff should never happen. #PrayForBoston,['#PrayForBoston']
323891075506905090,We live in such a sick world üòî #PrayForBoston,['#PrayForBoston']
323891163566309376,This world really sucks. #PrayForBoston,['#PrayForBoston']
323891197137539072,I really don't get why this happened #prayforboston,['#prayforboston']
323891905983303681,fuck the world.. wow ill never fail to be shocked by people #PrayForBoston,['#PrayForBoston']
323892069561167873,What a sickkkkk world we live in #PrayForBoston üôè,['#PrayForBoston']
323892195365113857,Those poor people were raising money for their chosen charities. How could the human race do that to them! #prayforboston,['#prayforboston']
323893009089445888,RT @Lauratobin1: Awful scenes at #bostonmarathon So sad lives have been lost.,['#bostonmarathon']
323893046829780992,RT @MalenaHarper: what has this world come to #prayforboston,['#prayforboston']
323893059387535360,Pray for the victims of the horrible explosions in Boston. God be with you all. #prayforboston,['#prayforboston']
323893155860709376,So awful what's happened in Boston. #prayforboston xx,['#prayforboston']
323893516579262464,RT @08_Fitzy: When people said theres been a bomb on boston i thought they ment boston avenue. #WasAboutToGoDownMurdishaw,['#WasAboutToGoDownMurdishaw']
323893696921739265,RT @LyricPostings: This makes me physically sick nobody deserves this! #PrayForBoston http://t.co/3w0tZyTy0c,['#PrayForBoston']
323893843739176961,RT @NBA_Wallpapers_: Thoughts go out to those in Boston. #PrayForBoston http://t.co/YATpJrebJS,['#PrayForBoston']
323893915025563648,RT @WeLoveFredo: THIS COULD SAVE LIVES! RT TO SPREAD THE WORD! #prayforboston http://t.co/wzC3tPh3PX,['#prayforboston']
323894003143700480,‚Äú@GigiGraciette #Boston PD asking ALL OFF-DUTY officers to report to work immediately. #BostonMarathon #PrayForBoston‚Äù,"['#Boston', '#BostonMarathon', '#PrayForBoston']"
323894217023844352,Praying for everyone in #boston #bostonmarathon,"['#boston', '#bostonmarathon']"
323894531617591296,What the hell?! Bombs at the Boston marathon?! Keeping all the injures and families of the people that died in my thought. #saddness,['#saddness']
323894560960954368,RT @FellowshipLR: Praying God's healing &amp; comfort to all those injured &amp; affected by the incidents at the #BostonMarathon today.,['#BostonMarathon']
323894581928288258,"RT @NoRapist: I know this is not rape related, but one of my close friends died in the Boston explosion so if you could please get #Pray ...",['#Pray']
323894607110881280,RT @BDOG247: Hope it's not terrorism #BostonMarathon,['#BostonMarathon']
323894695195471873,RT @ShyhiemB: #PrayForBoston RT,['#PrayForBoston']
323895118790815744,RT @HugoAmazing: Thoughts and Prayers go out to all affected by the explosion at the Boston Marathon. üôè #prayforboston,['#prayforboston']
323895261422297088,RT @EcheMadubuike: Explosions have been reported at the Boston Marathon finish line. RT to spread the word. #PrayforBoston http://t.co/B ...,['#PrayforBoston']
323895550829264896,RT @USA_Swimming: Our thoughts are with all of those in Boston right now #BostonMarathon,['#BostonMarathon']
323895659868585984,"Some people are evil, how could you sleep knowing you ended someone's life?! #prayforboston",['#prayforboston']
323895903129841664,RT @FinnHarries: My thoughts and wishes go out to those effected in the Boston explosions. Such a sad and terrible thing to happen. #pra ...,['#pra']
323895924113952769,RT @ErikaEnd0: People really suck. #prayforboston,['#prayforboston']
323895987028504577,RT @WLTX: Boston P.D. asking people on Social Media to tweet get out of the #BostonMarathon area immediately. #News19 http://t.co/vVCbixRSn8,"['#BostonMarathon', '#News19']"
323896221901139968,"RT @AnonOpsLegion: Blood, glass, debris on sidewalk where one of two Boston Marathon explosions occurred: http://t.co/dZ9zQdLuP3  #Bosto ...",['#Bosto']
323896721027506176,"Just seen the explosions at #bostonmarathon , this is unreal. My thoughts go out to all over there.",['#bostonmarathon']
323896733614628864,RT @SprtsHumor: Crazy news video of that first Boston Marathon explosion. #NotHumor http://t.co/Xm4Q7pWgg8,['#NotHumor']
323898948228112385,"RT @penialltration: Please rt, I am in Boston right now, I know someone who was injured and my family won't pick up #prayforboston",['#prayforboston']
323899023700393984,RT @hollywills: #prayforboston thoughts are with you...,['#prayforboston']
323899120194560000,RT @stephaniesmyth: #BREAKING:  Intelligence officials CONFIRM two more bombs found @BostonMarathon ; being dismantled flight restrictio ...,['#BREAKING']
323899568947351552,OMG #prayforboston http://t.co/pVn9Akz2AR,['#prayforboston']
323899845783982081,RT @ionamatheson: What is wrong with people in this world! #bostonmarathon #rip,"['#bostonmarathon', '#rip']"
323900105839214592,What's the matter with people! #prayforboston,['#prayforboston']
323900495888527363,RT @bkeegan: Here's the Wikipedia article about #BostonMarathon #bombing to track on-going developments: http://t.co/qy6fMv67UK,"['#BostonMarathon', '#bombing']"
323901166985568257,RT @Flotrack: Report: Surveillance photos before the blast show a man placing backpacks at both scenes of the explosions. #PrayForBoston,['#PrayForBoston']
323901888431005696,RT @boystxts: Spread the word! It could save a life #prayforboston http://t.co/RKAsoAFeRE,['#prayforboston']
323902341420036096,RT @YourAnonNews: The @RedCross has a site up for Runners and Family of #BostonMarathon at http://t.co/218PE7JjsF #YAN,"['#BostonMarathon', '#YAN']"
323902752440856576,RT @NDJ_Official: üôè #BostonMarathon. Sick world we living in...,['#BostonMarathon']
323902802776707073,RT @JeffersonBethke: Tragic. Heartbreaking. #prayforboston!! RT @brm90 Streets after bomb at Boston Marathon. http://t.co/HCltbMa7xM,['#prayforboston']
323902878253191168,RT @FinnHarries: My thoughts and wishes go out to those effected in the Boston explosions. Such a sad and terrible thing to happen. #pra ...,['#pra']
323902941205499907,RT @thebiebstagram: i close my eyes and i can see a better day. i close my eyes and pray... #prayforboston,['#prayforboston']
323903452893818881,#prayforboston my thoughts&amp; prayers go out for those who got hurt in the bombing,['#prayforboston']
323903675175149569,"RT @googlemaps: If you have info about those in the #bostonmarathon or looking for someone,please visit the Person Finder to add data ht ...",['#bostonmarathon']
323903985578831872,RT @NHL: We wish to express our sympathy to all those affected by the tragic events that took place in #Boston this afternoon.,['#Boston']
323904199471538179,"RT @TheSimplyEpic: #PrayForBoston but not only Boston, pray for every country which people are suffering in.",['#PrayForBoston']
323904199488327680,@carlymazing: Person Finder: Boston Marathon Explosions: http://t.co/kMN4UjjRiv ‚Ä¶ RT guys! It can help someone! #prayforboston,['#prayforboston']
323904493089595393,This world needs change. Desperately. #prayforboston,['#prayforboston']
323904618889375745,RT @HoodJesusYo: Ayy fam please pray fo da ppl at da #BostonMarathon. Those affected need yo prayers now and in da weeks to come #PrayFo ...,"['#BostonMarathon', '#PrayFo']"
323904673423716352,RT @michellemalkin: Beware of ghouls/vultures. MT @TwitchyTeam Fake Twitter accounts soliciting ‚Äòdonations‚Äô for #bostonmarathon victims  ...,['#bostonmarathon']
323904740532551680,"RT @ksdknews: Comm: Warning people to be cautious, holding another press conference at 6:00pm Central. #prayforboston",['#prayforboston']
323905461957062657,my heart goes out to all the victims &amp; families of this tragic event ‚ù§ #pray #for #boston #thoughts‚Ä¶ http://t.co/J1tKh4O6OA,"['#pray', '#for', '#boston', '#thoughts']"
323905591984672769,RT @DuncanBannatyne: Good people train &amp; run for others &amp; someone does this. WHY #prayforboston.  RT please,['#prayforboston']
323905843655499777,America is being attack again !  #BostonMarathon #bomblast,"['#BostonMarathon', '#bomblast']"
323905856234221568,Sick to my stomach. Can't believe this actually happened. #prayforboston,['#prayforboston']
323906074312851456,RT @KingJames: Prayers goes out to those involved/hurt in #BostonMarathon. WTF is wrong with people man. Just sad,['#BostonMarathon']
323906137239990272,Oh deary me #BostonMarathon,['#BostonMarathon']
323906191753375745,‚Äú@SorryNotSoorry: #PrayForBoston. This is so extremely heartbreaking. http://t.co/ss5CQ3buLV‚Äù my heart goes out to all the victims,['#PrayForBoston']
323906325987868674,RT @OhDearOOMF: Need everyone to RT this. You could save a life. #PrayForBoston #RT http://t.co/P35A2XvGAl,"['#PrayForBoston', '#RT']"
323907198415671296,"they were doing a charity marathon...that's so heartless, they're innocent and they don'y deserve it. #prayforboston",['#prayforboston']
323907236135063554,"RT @orla_msc: wherever you live, please retweet this #prayforboston http://t.co/9icuRnaXuw",['#prayforboston']
323907437499396096,RT @TheMindBlowing: Boston Marathon and JFK Library blast victims need your help. #prayforboston and retweet this http://t.co/bJmfnk4DNk,['#prayforboston']
323907496202862592,#PrayforBoston I can't even believe...,['#PrayforBoston']
323907584295845889,"RT @ialwaysloveJDB: It's disgusting how innocent people are loosing their lives, they didn't even do anything. #prayforboston",['#prayforboston']
323907823354408960,RT @TanyaBurr: So shocked and saddened by the explosions in Boston...why do people do this? #prayforboston,['#prayforboston']
323907953361055744,"Pointless and harrowing, there is never a just excuse to hurt people, ever!! #prayforboston",['#prayforboston']
323908049838415873,"Between Sandy and bombs, it's not a good year for marathoners. After all that training. Real shame. #bostonmarathon",['#bostonmarathon']
323908079227916290,RT @PRyan: My thoughts and prayers are with the people in Boston. #PrayforBoston,['#PrayforBoston']
323908121133215744,RT @harryfletch_: #prayforboston the worlds gone bloody mad,['#prayforboston']
323908137939763200,RT @chillposts_: READ AND SPREAD!! #RT  #prayforboston üôè http://t.co/8Fpae9UKMi,"['#RT', '#prayforboston']"
323908200833355776,RT @TheMindBlowing: #prayforboston BPD says stay away from Boston Marathon area &amp; JFK library. Together we can spread the word. PLS  ...,['#prayforboston']
323908427329986560,Prayers go out to the people and families of the Boston Tragedy #PrayersforBoston,['#PrayersforBoston']
323908595114713089,Watching what happened at the Boston Marathon. So sad. #prayforboston,['#prayforboston']
323908641235279873,RT @MillieSabrina: I really admire @KeatonStromberg for slll taking away from E3's big moment to #PrayforBoston,['#PrayforBoston']
323908842566086656,RT @firstduephotos: BOSTON MA: #wbz news is WRONGLY reporting the JFK Library bomb was recent. It was NOT. BFD has been on scene since i ...,['#wbz']
323908850946281473,RT @TheAtlanticWire: Google releases a tool to help loved ones track down #BostonMarathon runners http://t.co/cpM7l1frlo,['#BostonMarathon']
323908905484832768,"RT @tracywatkins: Pray for my mom, she's ran the Boston marathon and we can't get ahold of her. #prayforboston",['#prayforboston']
323909085852471296,#prayforboston my heart goes out for those injured in the explosions. #bostonmarathon,"['#prayforboston', '#bostonmarathon']"
323909119377559552,"RT @MakaylaOwens2: ‚Äú@ohabioh: this is what's wrong with the world. running for charity, now he has no legs. #prayforboston http://t.co/D ...",['#prayforboston']
323909136154775552,RT @josephstamper: wow...breaks my heart. #prayforboston,['#prayforboston']
323909148746059776,"RT @CarsonRapsilver: God is good, even when the world is not. #John16 #PrayForBoston http://t.co/knPQNq7jXQ","['#John16', '#PrayForBoston']"
323909295571861504,@Real_Liam_Payne HI LIAM #PRAYFORBOSTON,['#PRAYFORBOSTON']
323909488480509952,"RT @mishacollins: Sometimes people really suck. Love you, Boston--my hometown. @brm90: Bomb at #Boston #marathon finish. http://t.co/wq ...","['#Boston', '#marathon']"
323909568176472064,"RT @FoxNews: BREAKING: Boston Marathon HQ locked down after report of explosion, spokesman says  http://t.co/hDXhR7S2GN  #Bostonmarathon",['#Bostonmarathon']
323909580784533505,RT @BostonTweet: Google has created a Person Finder for those affected by the #BostonMarathon explosions. http://t.co/2AH3ysDJEh,['#BostonMarathon']
323910134399115265,@kwild: RT @emamd: Google has a person finder up for the #boston explosions http://t.co/bmUEoILV0F,['#boston']
323910302188064769,I JUST SAW THIS VIDEO OF BOSTON AND IM LEGTLY CRYING RN #prayforboston https://t.co/mXXSylkBr4,['#prayforboston']
323911141036290048,@iiTalk_uDont: ‚Äú@DrayaFace: God bless the victims and families of the #BostonMarathon tragedy.‚Äù,['#BostonMarathon']
323911224930750464,#PrayForBoston such a sick world we live in!!,['#PrayForBoston']
323911736656793601,RT @AnnCurry: For families in search of loved ones:  1-617-635-4520 #BostonMarathon,['#BostonMarathon']
323911749231312896,RT @Cadizzlemore: My thoughts and prayers go out to those affected by the bombs in Boston... this is all just so horrible. #prayforboston,['#prayforboston']
323912135103102977,#prayforboston what's going on in this world?!?!,['#prayforboston']
323912177029378048,RT @MyJustinQuotes: THE MARATHON WAS FOR THE CHILDREN WHO DIED IN NEWTON AND YOU FUCKING BOMB THE MARATHON? OMFG THIS IS TO MUCH.. #pray ...,['#pray']
323912302883639296,RT @franagudo: #PrayforBoston #PrayforBoston #PrayforBoston #PrayforBoston #PrayforBoston #PrayforBoston #PrayforBoston #PrayforBoston,"['#PrayforBoston', '#PrayforBoston', '#PrayforBoston', '#PrayforBoston', '#PrayforBoston', '#PrayforBoston', '#PrayforBoston', '#PrayforBoston']"
323913158492303360,RT @Connor_Eli: Go to a movie? Get shot. Go to school? Get shot. Run a marathon? Get bombed. Such a selfish world this is. #PrayForBoston,['#PrayForBoston']
323913187856613377,RT @todayshow: Pres. Obama receives an update from the FBI director on #BostonMarathon blasts. (Credit: Pete Souza / White House) http:/ ...,['#BostonMarathon']
323913603109490688,RT @Josh_Vintson: This is terrifying http://t.co/bxU3U3W0TA #PrayForBoston,['#PrayForBoston']
323913829601914881,RT @we_believejb: Help this girl find her family. Please RT and spread the word. #prayforboston http://t.co/ljlyC3pkFF,['#prayforboston']
323915029168672768,RT @snugglinghazza: honestly everyone retweet this you could save a life please read #prayforboston http://t.co/hZq8j4S6p0,['#prayforboston']
323915247259877377,RT @samantha_june3: üò≠üôèRT @Darkskin: IN BOSTON: He ran in dedication of the newtown kids and now he won't ever walk again #prayforboston  ...,['#prayforboston']
323915398288379905,RT @JMaxey97: What a damn shame #prayforboston,['#prayforboston']
323915771543683073,RT @hannadianee: Hope everyone's ok #prayforboston,['#prayforboston']
323915851252248577,Sickened and saddened by the news of events in Boston today. #prayforboston,['#prayforboston']
323916086116487168,"RT @NBCLA: At 3:10pm PT, Pres. Obama will address the nation about the #BostonMarathon explosions. We'll be livestreaming here: http://t ...",['#BostonMarathon']
323916216148295683,The boston marathon bombing photos and clips made me sick to my stomach. How could anyone do that to another human being #prayforboston,['#prayforboston']
323916316836765697,BOSTON: TERRORIST ATTACK! CNN AND CBS ARE OFFICIALLY CALLING THIS A TERRORIST ATTACK! #911BUFF,['#911BUFF']
323916459417931779,RT @Jades_BowtiesLM: ‚Äú@definitelylouis: RT THIS GUYS ITS REALLY IMPORTANT #PrayforBoston http://t.co/eO1UNmdg9A‚Äù,['#PrayforBoston']
323917138886815744,RT @mylifeasafemale: My hearts go out to all those who are affected by this senseless tragedy üíî #prayforboston,['#prayforboston']
323917763850686464,"RT @KrisSanchez: Video of the explosion at the #BostonMarathon - Seriously, there's way too much violence and hate in our world.  http:/ ...",['#BostonMarathon']
323917780619513857,Heart and prayers to folks in Boston. #BostonMarathon,['#BostonMarathon']
323917910642946048,RT @Karan1095: Lets #PrayForBoston.   Lets also #PrayForSyria #PrayForIraq #PrayForAfghanistan and all the others.  #RESPECT,"['#PrayForBoston', '#PrayForSyria', '#PrayForIraq', '#PrayForAfghanistan', '#RESPECT']"
323918019690639360,RT @LovendPeace: #prayforboston üôèüëº,['#prayforboston']
323918116163813376,"RT @DemetriaSing: #PrayForBoston #PrayForNewYork #PrayForDC Please everyone stay safe, please make it home safely &lt;3","['#PrayForBoston', '#PrayForNewYork', '#PrayForDC']"
323918330094317568,RT @BostonGlobe: Globe videos from the #BostonMarathon explosions. http://t.co/UgmAEzzH59,['#BostonMarathon']
323918611121061888,RT @BMW_LifeMorals: Love is real and we have to do everything we can to keep it alive. - Topanga Lawrence #lifemorals #PrayforBoston,"['#lifemorals', '#PrayforBoston']"
323918749499551745,"Lord, our world really needs your help...üòî #prayforboston",['#prayforboston']
323918808219799552,"I close my eyes... And I can see a better day.. I close my eyes, and pray. #PrayForBoston.",['#PrayForBoston']
323918841799376896,Boston Police Commissioner Ed Davis: There is no suspect in custody. Stay with @CNNLive for continuing coverage #BostonMarathon @CNN,['#BostonMarathon']
323918879527161857,RT @goldnKATEbridge: Never wanted my city to be trending for such a bad reason #PrayForBoston,['#PrayForBoston']
323918921465999362,RT @abyjavaadmalik: EVERYONE TWETT THIS PICTURE SO EVERYONE CAN SEE IT. #prayforboston #boston #BostonMarathon http://t.co/VVM4wYM6I2,"['#prayforboston', '#boston', '#BostonMarathon']"
323919135400665088,My prayers go out to the Boston Marathon victims today. #rip,['#rip']
323919680672763906,RT @GovBrewer: My prayers and those of #Arizona go out to the victims of today's explosion in #Boston: http://t.co/RhIUvysCPQ,"['#Arizona', '#Boston']"
323919881999380480,#PrayForBoston üò¢people are really  screwed up  #PrayForBoston,"['#PrayForBoston', '#PrayForBoston']"
323919991013527552,"Boston Marathon Explosion Pictures and Video Released, Gets Live Internet Coverage http://t.co/SbNUzrzQzf #videos #world","['#videos', '#world']"
323920792150761472,RT @DanielMartinAdv: Most inspiring story from #BostonMarathon: runners who finished the 26.2 miles and then ran over to Mass General Ho ...,['#BostonMarathon']
323921178026721280,‚Äú@corien_xxx: RT @larrys_condom_ The child is so young this is disgraceful #PrayForBoston http://t.co/IccVB5yOHS‚Äù :'(,['#PrayForBoston']
323922037854855168,"RT @Megan_Miller_23: Please retweet this, no matter who you are. It could save lives. Spread the word. And stay safe! #PrayForBoston htt ...",['#PrayForBoston']
323922411126939648,RT @eNCAnews: US President Barack Obama: says police and emergency services responded heroically to this tragedy. #BostonMarathon,['#BostonMarathon']
323922654413324288,2day was supposed to be an amazing day to celebrate the release of chloe instead we are bringing out the #teaminspire in us #PrayforBoston&lt;3,"['#teaminspire', '#PrayforBoston']"
323923690419003393,1stly:tragic events at the #bostonmarathon.The inspirational acts shown not only 2 run for charity but 2 keep running 2 give blood #heroic,"['#bostonmarathon', '#heroic']"
323924034339348480,#prayforboston This has to be stopped. Sensless violence.,['#prayforboston']
323924063695290368,there are just no words for the images being leaked out of the victims of the bombings #lifealtering #prayforboston,"['#lifealtering', '#prayforboston']"
323924088852717570,RT @1DUpdatesOnline: #PrayForBoston http://t.co/J5PwZFlwg7,['#PrayForBoston']
323924269241356288,This breaks my heart !  #PrayForBoston http://t.co/DLYpypJFoU,['#PrayForBoston']
323924449596436483,Just found out about the tragedy in Boston. No words right now. #prayforboston,['#prayforboston']
323924462141583360,‚ÄòMultiple casualties‚Äô after explosions at Boston Marathon finish line -  The blasts occurred a few seconds... http://t.co/NPI7KHrYDy  #Fox,['#Fox']
323925330362507264,RT @Akon: #PrayforBoston http://t.co/uCSg0HQzQN,['#PrayforBoston']
323925686895140864,this is why im so scared to do anything ever anymore you just never know #prayforboston,['#prayforboston']
323926114701565954,RT @betseyross: Obama will address nation re Boston bombing. Rumor is he blames an anti-Islam video &amp; conservatives #tcot #ncpol #lnyhbt,"['#tcot', '#ncpol', '#lnyhbt']"
323926148272779265,RT @_Snape_: The first responders who rushed in to help are truly incredible people. #Heroes #PrayForBoston,"['#Heroes', '#PrayForBoston']"
323926752256737280,"RT @RobKardashian: My heart, love, and prayers go out to anyone affected by the sad events in Boston. #PrayForBoston",['#PrayForBoston']
323926781600088064,Our hearts go out to all those affected by the #Boston tragedy. @Google &amp; @RedCross tools: http://t.co/wtur54aVT0 http://t.co/TgK0uII55z,['#Boston']
323926823568306176,RT @LifeFacts: You go to watch a movie  You get shot  You run a marathon   You get bombed  I hate this world #prayforboston http://t.co/ ...,['#prayforboston']
323927138107535360,RT @AnneFoxyCoxy: Its a very sad state of affairs üòî our thoughts are with you #prayforboston,['#prayforboston']
323927544976003072,RT @lala: Praying For Boston. #BostonMarathon My heart goes out to each &amp; every victim. This is senseless..,['#BostonMarathon']
323927599493545984,RT @JaiBrooks1: #prayforboston so horrible:(,['#prayforboston']
323927721149353984,RT @TWDJesus: #PrayForBoston My heart goes out to those involved..,['#PrayForBoston']
323928132170166272,"RT @Prayer_Healing: On a day when I am afraid, I will trust you, God -- Psalm 56:3 #PrayForBoston",['#PrayForBoston']
323928505450643458,Listening to @justinbieber's song pray help thru the pain of how I feel about the bomb in Boston&lt;3 #PrayForBoston&lt;3,['#PrayForBoston']
323928950051045377,"RT @EdSheerrann: I don't care who you are, it only takes 5 seconds to RT and possibly save a life. #prayforboston http://t.co/cN00wibuZQ",['#prayforboston']
323928992002478080,RT @iamrashidajones: Don't take people for granted. Show love and kindness today. #prayforboston,['#prayforboston']
323929377870061569,DisHEARtening to HEAR about the senseless bombing in Boston. #PrayforBoston #UnhardentheirHEARts #HEARmyprayer | http://t.co/XnsgqRiDib,"['#PrayforBoston', '#UnhardentheirHEARts', '#HEARmyprayer']"
323929931514003456,"To think that just a few months ago, we were all hearing about Newtown.  And now this.  #toomany #prayforboston","['#toomany', '#prayforboston']"
323929973457039360,‚Äú@Erinthemustache: #PrayForBoston‚Äù  #PrayForBoston  #PrayForBoston #PrayForBoston #PrayForBoston #PrayForBoston  #PrayForBoston,"['#PrayForBoston', '#PrayForBoston', '#PrayForBoston', '#PrayForBoston', '#PrayForBoston', '#PrayForBoston', '#PrayForBoston']"
323930191560839168,"#prayforboston i swear i don't understand how people can be so messed up, to think it's funny and cool to bomb a city as big as boston.",['#prayforboston']
323930808161280000,"RT @NBCNews: President Obama: 'We will find out who did this, and we will hold them accountable' http://t.co/IJT5hfpfzO #BostonMarathon",['#BostonMarathon']
323930908803600384,Its Really sad how sick some people are in this world. #prayforboston,['#prayforboston']
323931319828627457,RT @Pau_DS: I'm so scared I mean I'm not from Boston but I'm scared :C Lets #prayforboston This image broke my heart poor people http:// ...,['#prayforboston']
323931496001970176,RT @cocktailouis: @NicolaPayne2788 please share this with everyone you don't have to mention me just tweet the picture #prayforboston ht ...,['#prayforboston']
323932397781528576,My prayers go to the #BostonMarathon victims üíó,['#BostonMarathon']
323932498436427776,So many people ecstatic as they finished the Marathon only moments before the horrible tragedy #bsu262 http://t.co/noIQj15ltn,['#bsu262']
323932682994192384,RT @TinaBhatnagar: Its days like today that I feel really proud to work @twitter. Truly a lifeline during periods of tragedy. #prayforboston,['#prayforboston']
323933043687563264,RT @NaY_BaY: #PrayForBoston üôèüôèüôè,['#PrayForBoston']
323933190492397569,Pray for Boston #bostonmarathon #thoughtsbewiththevictims http://t.co/JFbwLvCYKK,"['#bostonmarathon', '#thoughtsbewiththevictims']"
323935170229059584,RT @BornToRaceMovie: #prayforboston http://t.co/ARrac8wzgu,['#prayforboston']
323935300235689985,RT @_Snape_: An 8-year-old is among the dead. We must find out who did this. #PrayForBoston,['#PrayForBoston']
323935539311022080,RT @NFL_Memes: #PrayForBoston http://t.co/rkWzzkg7Td,['#PrayForBoston']
323935556075667457,RT @BorisYu: @cnnbrk: WHDH: 8-year-old among the dead in #Boston Marathon terror attack. // so sad that this stuff happens in our world ...,['#Boston']
323935870673625088,RT @KaitlynGomez_: My prayers go out To Those In Boston.‚ù§ üôè #PrayForBoston,['#PrayForBoston']
323936063599017984,"Ah lads, that footage from Boston bombing is horrifying...things like this help you have perspective on life...Im so sad, #ILoveBoston :(",['#ILoveBoston']
323936348832690176,RT @NBCNews: Law enforcement official confirms that one of two people killed in today's explosions was eight years old. #BostonMarathon,['#BostonMarathon']
323938127209197568,RT @cnnbrk: At least 110 people have been treated at area hospitals after the #Boston Marathon bombings; 2 are dead. http://t.co/gEG7mH3hhr,['#Boston']
323938471150493696,RT @JaiBrooks1: #PrayforBoston http://t.co/mtabcBCPcf,['#PrayforBoston']
323939674882179074,My timeline is full of celebrities around the world praying for Boston. Thank you all &lt;3 #PrayForBoston,['#PrayForBoston']
323939918176985089,"I close my eyes &amp; I can see a better day, I close my eyes &amp; pray‚ù§ #prayforboston I don't want to live here anymore http://t.co/3yYtrUVRkv",['#prayforboston']
323940018827718657,People are sick üòî #prayforboston,['#prayforboston']
323940090130866176,"RT @FillWerrell: He was running to support the kids from Sandy Hook, and now he will never run again. #PrayForBoston http://t.co/xEmpln25kt",['#PrayForBoston']
323940761211117568,RT @ChristinaNg27: A mom who was crossing the #BostonMarathon finish line as the first bomb went off told @DianeSawyer the scene was ho ...,['#BostonMarathon']
323941419742027777,"RT @USArmy: RT @MattHood21: These two #USArmy soldiers didn't need to be told to help, after running a marathon. #PrayForBoston http://t ...","['#USArmy', '#PrayForBoston']"
323942778692325376,DON'T SCROLL RT!  #prayforboston http://t.co/OGdPDsGn1C,['#prayforboston']
323945005876146176,Don't know anything if you weren't the one planting the bombs my God. #prayforboston,['#prayforboston']
323945198805733376,RT @ashleytisdale: So terrible &amp; scary to see such violence. Keeping everyone in #Boston in my thoughts today #prayforboston,"['#Boston', '#prayforboston']"
323945307861827584,#prayforboston #prayforboston #prayforboston #prayforboston,"['#prayforboston', '#prayforboston', '#prayforboston', '#prayforboston']"
323945341391097856,Our thoughts and prayers are with those affected by the explosions at the #bostonmarathon,['#bostonmarathon']
323945744061038592,RT @lefty_1998: 2 people plus a 8 year old boy passed away today at the Boston marathon and 132 people injured #PrayForBoston,['#PrayForBoston']
323945848901869568,RT @weyhey_ziall: the world we live in disgusts me #prayforboston http://t.co/hJs1TCQxft,['#prayforboston']
323947480490311680,RT @anniejclark: So unbelievably sad to hear about what happened in Boston. Praying for all those affected by this horrible tragedy. #Pr ...,['#Pr']
323947614699651072,"RT @sarahTW_TM: GUYS STOP SCROLLING DO NOT IGNORE THIS, NEWS CENTRES AND POLICE EVERYWHERE NEED TO SEE THIS!!!!!! #prayforboston http:// ...",['#prayforboston']
323948159963373568,RT @mealburez: The fact that Muslim was trending right along side Boston Marathon is really sad. #PrayForBoston,['#PrayForBoston']
323949581861806081,RT @kylieminogue: Sending love #PrayForBoston,['#PrayForBoston']
323950160646373376,RT @prayforbst: endless retweets #PrayForBoston http://t.co/zTLRuoXIKv,['#PrayForBoston']
323953608372649984,"RT @RobertoLuongo_1: R.I.P to those who died in Boston! For every RT this gets, we will donate $2 to the city and victims. #prayforboston",['#prayforboston']
323953646125608960,RT @CoachKWisdom: All prayers go to victims and families of the people affected by the tragedy. #prayforboston,['#prayforboston']
323956003332816898,RT @JamesWright__: HE WAS WAITING AT THE FINISH LINE TO PROPOSE TO HER I'M CRYING THIS IS SO HEART BREAKING. #PRAYFORBOSTON http://t.co/ ...,['#PRAYFORBOSTON']
323956951224569856,"RT @HopeForBoston: R.I.P. to the 8 year-old girl who died in Boston's explosions, while running for the Sandy Hook kids. #prayforboston  ...",['#prayforboston']
323957605548564483,Glad my friends are all safe in that event. #prayforboston,['#prayforboston']
323959501373976578,On Day 2 of my UNHappy Feet... :( ...with sympathy for #BostonMarathon tradegy.,['#BostonMarathon']
323961120366948356,RT @T_swaggga: In tears .This made me realize that you never know when your life will be taken away .Rest in peace üòî #prayforboston http ...,['#prayforboston']
323961636283092995,RT @KoolSloth: R.I.P to this beautiful little girl. You‚Äôre with the angels now. #prayforboston http://t.co/IU27D2r2i7,['#prayforboston']
323962168963903488,RT @Footballtweets3: I literally would beat the shit out of whoever did the bombings. üò° #PrayforBoston,['#PrayforBoston']
323962265403547648,RT @Kaylaboos13: What happened in Boston is devastating. #PrayForBoston,['#PrayForBoston']
323964643603275776,"#prayforboston such a sad thing again, one more person dead, why?",['#prayforboston']
323966140953022464,RT @NFL_Stats: New Update on Boston Marathon Explosion: At Least 3 dead and 130 injured. #prayforboston,['#prayforboston']
323967466340487168,"RT @HopeForBoston: R.I.P. to the 8 year-old girl who died in Boston's explosions, while running for the Sandy Hook kids. #prayforboston  ...",['#prayforboston']
323967638315364352,Lost all faith in humanity...#prayforboston,['#prayforboston']
323968640783380480,RT @bostonevolution: RT @liamwcvb: Mass General on lockdown. Suspicious device found in parking garage #WCVB #Boston #bostonmarathon #ma ...,"['#WCVB', '#Boston', '#bostonmarathon', '#ma']"
323968963736399872,RT @RedCross: Thanks to generosity of volunteer blood donors there is currently enough blood on the shelves to meet demand. #BostonMarathon,['#BostonMarathon']
323969668379463680,"RT @D_hagen: R.I.P. to the 8 year-old girl who died in Boston's explosion, while running for the Sandy Hook kids. #prayforboston http:// ...",['#prayforboston']
323970259763740672,Heart goes out to the people who were injured and killed during the Boston Marathon &lt;&lt; #unbelievable,['#unbelievable']
323971094434426880,"Please, please MT  ‚Äè@ginadee1h You may not want to #prayforBoston, but on social media, isn't it a good idea to at least #pause for Boston?","['#prayforBoston', '#pause']"
323971941700616192,"RT @dailybeasttv: 'This is what the Nazis did,' says Bill O'Reilly about #BostonMarathon attack. WATCH: http://t.co/vEQNaBQ2Vm",['#BostonMarathon']
323972273042231297,"RT @Moreno: R.I.P. to the 8 year-old girl who died in Boston's explosions, while running for the Sandy Hook kids #PrayForBoston http://t ...",['#PrayForBoston']
323973015408885761,People are still inherently good in this world. Don't let the actions of a few taint your view on the world. #prayforboston,['#prayforboston']
323974798009049088,RT @TraxFMJKT: is sending all the prayers to all the victims of bomb tragedy at Boston Marathon #RIP :(,['#RIP']
323975192273620992,"RT @SchafferBerg: R.I.P. to the 8 year-old girl who died in Boston's explosions, while running for the Sandy Hook kids.#prayforboston ht ...",['#prayforboston']
323975561347211264,"RT @HopeForBoston: R.I.P. to the 8 year-old girl who died in Boston's explosions, while running for the Sandy Hook kids. #prayforboston  ...",['#prayforboston']
323978186989899777,"RT @JoshScobee10: Terrorists are cowards, plain and simple. Enjoy burning in hell for eternity. So sad. #prayforboston",['#prayforboston']
323980560957579264,"RT @LoveForBoston: R.I.P. to the 8 year-old girl who died in Boston's explosions, while running for the Sandy Hook kids. #prayforboston  ...",['#prayforboston']
323980577739001856,RT @thewanted: Our hearts go out to all those who are affected by this senseless tragedy #prayforboston,['#prayforboston']
323983199199981568,RT @ItsMelanieAmaro: Please everyone #prayforboston my heart goes out to all the injured and to the family and friends of those who pass ...,['#prayforboston']
323983601836376066,"An end to a very terrible day, could care less about the habs losing tho, my mind is on the poor victims in Boston #PRAYFORBOSTON",['#PRAYFORBOSTON']
323985149551325184,So many people have had their hearts &amp; bodies broken at this event that should be a celebration of human endurance and will #prayforboston,['#prayforboston']
323985178886291456,@chrislhayes thanks for asking the most intelligent questions about boston marathon bombings all day #boston #realjournalism #monthrufri,"['#boston', '#realjournalism', '#monthrufri']"
323988353974411264,RT @iPrayForBoston: Facebook page about the boston explosions before the boston explosions happened #BostonMarathon #PrayForBoston http: ...,"['#BostonMarathon', '#PrayForBoston']"
323988769231482881,Thoughts and prayers #BostonMarathon,['#BostonMarathon']
323990266585440256,RT @ItsSiRobertson: Today is been a tough day...  Stay tough 'Merica! #PrayForBoston,['#PrayForBoston']
323991780745965568,RT @FoxNews: Boston police: At least 3 people killed in Boston Marathon bombing http://t.co/duV2IiwMRz #BostonMarathon,['#BostonMarathon']
323992044987113472,"RT @LoveForBoston: R.I.P. to the 8 year-old girl who died in Boston's explosions, while running for the Sandy Hook kids. #prayforboston  ...",['#prayforboston']
324002354590519296,RT @Sebelius: Plz RT: Call 1-800-985-5990 or text TalkWithUs to 66746 24/7 for immediate crisis counseling during #Boston tragedy. http: ...,['#Boston']
324003025674960898,I am honestly sick who could be so disgusting to do this to someone? We will get answers and find you #prayforboston,['#prayforboston']
324006355956531200,"‚Äú@HopeForBoston: R.I.P. to the 8 year-old girl who died in Boston's explosions, while running for the Sandy Hook kids. #prayforboston üò™",['#prayforboston']
324008067211608064,RT @soutik: #Boston blasts ~ Twitter ravings and conspiracy theories begin http://t.co/KR1qVxQrQv BostonMarathon #terrorism,"['#Boston', '#terrorism']"
324011993096921088,RT @Soy_Brent: #prayforboston http://t.co/GWWUeFi65U,['#prayforboston']
324012144070914049,#PrayForBoston :( http://t.co/vFHSDCBdpe,['#PrayForBoston']
324014492885327873,"@chrismurphys In the chaos if it all, a cop with his weapon drawn advances towards the blast area before turning and running #BostonMarathon",['#BostonMarathon']
324015960912719872,‚Äú@AngeloGuligado: ‚Äú@ANCALERTS: Please beware of this fake Boston Marathon tweet 2/2:  http://t.co/H7QKY26pmb‚Äù‚Äù #bostonmarathon,['#bostonmarathon']
324016153859088384,RT @EbenOfficial: Continue to keep the people and their families involved in the Boston bombing in your prayers and thoughts #PrayForBoston,['#PrayForBoston']
324022776639930368,Super tired and going to bed!! Night everyone!! #BostonMarathon #heartbroken #PrayForBoston,"['#BostonMarathon', '#heartbroken', '#PrayForBoston']"
324029118419189760,"RT @BobbyLeeGarza1: RIP to the 8 yr. old girl who died in the #BostonMarathon explosions, while running for Sandy Hook. #PrayForBoston h ...","['#BostonMarathon', '#PrayForBoston']"
324033220482068480,RT @davie_ferguson: We live in a sick world #prayforboston,['#prayforboston']
324033522438377472,RT @LiifeSentencess: #prayforboston ! http://t.co/3OWaZ6bohP,['#prayforboston']
324035342766321664,"3 killed, more than 100 injured in #BostonMarathon blast http://t.co/XkwL2wa8yy via @BostonDotCom",['#BostonMarathon']
324050916221259778,RT @NiamsNinja: I'm sorry for him. I feel his hurt. #prayforboston http://t.co/5HmdNpuj4o,['#prayforboston']
324054137450926080,RT @prayforbst: They're all happy running for finish line but suddenly someone ruined the marathon. #prayforboston http://t.co/uL2KSS16PV,['#prayforboston']
324057765511315456,"POLICE NEEDS TO SEE THIS,IM SERIOUS. #prayforboston http://t.co/FwMcDbRcVj",['#prayforboston']
324078988702146560,With Big Support from my heart #BostonMarathon !!! Only #Peace,"['#BostonMarathon', '#Peace']"
324079735279869952,"RT @llama_ajol: The world is a dark place, lets be the light #prayforboston",['#prayforboston']
324091047326126080,"RT @HafizSam: Terrorists do bombings, not Muslims. Open your eyes America. Don't be an idiot. Know the facts first. #PrayForBoston. http ...",['#PrayForBoston']
324095958864502784,Why are there people on this world who wants to hurt other people? I don't get it why do you want to make people sad and cry? #prayforboston,['#prayforboston']
324105169551912960,RT @magnodetri: Not just boston had bombs today. Iraq did too. #prayforboston #prayforiraq http://t.co/yQdcn6kLuO,"['#prayforboston', '#prayforiraq']"
324111284847144960,"RT @afowler06: R.I.P. to the 8 yr old boy who died in Boston's explosions, while running for the Sandy Hook kids. #PrayForBoston http:// ...",['#PrayForBoston']
324112132117512192,RT @team_world: #prayforboston non ci sono parole.,['#prayforboston']
324134936527380480,Joe Andruzzi helps Boston Marathon bombing victims - NFL News http://t.co/aIzsoxlWAI #sports,['#sports']
324138099040980992,"RT @YourAnonNews: #BostonMarathon Update: 8 children injured, including a two-year-old boy in ICU with head injuries. 10 people have had ...",['#BostonMarathon']
324141173444849665,RT @sinchaasunshine: #PrayForBoston http://t.co/TWQLS7K29t,['#PrayForBoston']
324141878113099776,"#VMGuru:  Sports: LeBron, Kobe, RG3, Mayweather &amp; Many More React To Marathon Tragedy in‚Ä¶ http://t.co/o05IP5aES4",['#VMGuru']
324142373015781377,RT @EsmeraldaKiczek: The Lord is close to the brokenhearted and saves those who are crushed in spirit. ~Psalm 34:18 #PrayforBoston,['#PrayforBoston']
324144176570724352,RT @MAlGhosoon: We are as muslims against what happened in Boston  This a photo from our Holy Book #prayforboston #BostonMarathon http:/ ...,"['#prayforboston', '#BostonMarathon']"
324144453390594049,RT @Jaredthecarrot: She lost her life in the Boston marathon . #rip . #rt . #respect . :') 8 years old girl :') . http://t.co/4v5eiCgrY2,"['#rip', '#rt', '#respect']"
324144587637678081,From South Africa stay strong Boston Lots of Love and Support #prayforboston #southafrica,"['#prayforboston', '#southafrica']"
324147586548248577,"RT @3PennyMovies ‚Äú@HuffPostCanada: 'We hurt together, we help each other together' #BostonMarathon #bostonstrong‚Äù","['#BostonMarathon', '#bostonstrong']"
324148022760071168,#PrayForBoston –Ø –≤ —à–æ–∫–µ!,['#PrayForBoston']
324155304055037954,RT @centrepointuk: London Marathon runners are urged to cross the line on Sunday with their #handsoverhearts in tribute to the Boston bo ...,['#handsoverhearts']
324156826595766272,Menino: Boston will overcome.  #BostonMarathon #bostonstrong,"['#BostonMarathon', '#bostonstrong']"
324166335091318786,Boston marathon: Arsenal v Everton minute's silence http://t.co/1AsBxR9pUy #arsenor #afc #arsenal,"['#arsenor', '#afc', '#arsenal']"
324166557368471553,"RT @BostonMarathons: For each RT this gets, $1 will be donated to the victims of the Boston Marathon Explosions. #DonateToBoston",['#DonateToBoston']
324170869150720000,RT @blackpumahat: Most inspiring thing  - News stations reporting racers from #bostonmarathon running from finish line to nearby hospita ...,['#bostonmarathon']
324174069371121665,RT @WeAreBruinsFans: Thank you Chicago. One of the most classiest things I've seen in a while.  #PrayForBoston http://t.co/2ZeLK2Sja5,['#PrayForBoston']
324182755770523650,RT @kidrauhlavons: ashamed to be part of this world when inhumane things like this happen #PrayForBoston,['#PrayForBoston']
324190376829284352,"We feel sorrow and anger for what happened in Boston, but people killed in dozens in Syria  daily  #bostonmarathon  #Sryia #BostonExplosion","['#bostonmarathon', '#Sryia', '#BostonExplosion']"
324194076213788675,Tragedy in #Boston: How to help  #ImpactYourWorld http://t.co/wXi0uRXJuN @CNN #BostonHelp,"['#Boston', '#ImpactYourWorld', '#BostonHelp']"
324203031040258048,RT @JoshDevineDrums: Just heard the news about Boston :( :(sad sad times #prayforboston,['#prayforboston']
324203626652389376,RT @JohnBeattieNESN: We will walk to show that we decide when our marathon ends. #BCEagles #Boston http://t.co/jVA0YNg3tH,"['#BCEagles', '#Boston']"
324206973715349504,"RT @fenvirantiviral: Doctors: bombs contained pellets, shrapnel and nails that hit victims #BostonMarathon @NBC6",['#BostonMarathon']
324212082381836288,"RT @fenvirantiviral: Doctors: bombs contained pellets, shrapnel and nails that hit victims #BostonMarathon @NBC6",['#BostonMarathon']
324212908647137280,I asked my dad how hes doing when I woke up this morning and his exact words were physically great but emotionally not good #prayforboston,['#prayforboston']
324224287806472192,Lets burn the whole Middle East enough already...wtf happened to peace an love for fcks sack#BostonMarathon,['#BostonMarathon']
324226208780918784,#PrayforBoston http://t.co/AhMAyXgf2Q,['#PrayforBoston']
324232659633065984,RT @Never4getBoston: For every retweet we receive we will donate $1.00 to the #BostonMarathon victims #PrayForBoston,"['#BostonMarathon', '#PrayForBoston']"
324248195305717760,"RT @BarbaraNorro: Actions speak louder than words but if you act, act righteous. #prayforboston",['#prayforboston']
324249482957033472,- #PrayForBoston üòîüëºüôè,['#PrayForBoston']
324258601403314176,RT @cnnbrk: Injuries in #Boston Marathon terror attack now at 183; 23 critical; at least 9 of the injured are children. http://t.co/9YZV ...,['#Boston']
324271867965870080,RT @kerryngerety: In just 20 hours BOS tech community has raised over $70K for #BostonMarathon victims. Let's hit $100K! http://t.co/eBW ...,['#BostonMarathon']
324277928743550977,Boston Marathon bombs: parents of victim Krystle Campbell 'thought she had ... - http://t.co/ubMWYN3aDc http://t.co/zDXCZyJo7O #News,['#News']
324286933901668352,RT @billneelyitv: Remember bomb at Atlanta Olympics 1996- home grown terrorists. Be cautious about pinning #Boston explosion on Al Qaeda ...,['#Boston']
324287344960208896,RT @carryonswag: #prayforboston http://t.co/h43pa361QK,['#prayforboston']
324292759798304768,RT @PPAdvocacyMA: You can donate directly to those most affected by Monday's tragedy: http://t.co/UnEPxQcMCP #oneboston #bostonmarathon,"['#oneboston', '#bostonmarathon']"
324323713778585602,RT @AllyBrooke: #prayforboston I am so so sorry for this tragedy.... :(,['#prayforboston']
324324204503777280,RT @Remroum: Saudi man injured in bombing in Boston. Saudi man called a terrorist suspect. Saudi man found to be a witness. #MediaFail,['#MediaFail']
324333457134194688,RT @BotoxAnnRomney: The reign of Queen #AnnRomney of #Botox -Her True Story -HALARIOUS !  #AfricanAmericans #bostonmarathon http://t.co/ ...,"['#AnnRomney', '#Botox', '#AfricanAmericans', '#bostonmarathon']"
324340155429302272,RT @Jon_CKmusic: #prayforboston God we need you right now,['#prayforboston']
324359654752780288,RT @strangeveronica: A little girl lost her leg in Boston #Prayforboston,['#Prayforboston']
324383054762242049,RT @myfoxmemphis: Mayor Tom Menino: We are Boston. We are one community. We will not let terror win. #oneboston #bostonmarathon  (ah),"['#oneboston', '#bostonmarathon']"
324402281485328385,American Muslims revile #BostonMarathon terror attack | American Islamic Forum for Democracy: http://t.co/fmaIQHTuEg,['#BostonMarathon']
324411114656002048,pray for boston  #prayforboston  http://t.co/C0Wsz5DBJH,['#prayforboston']
324428248421380096,#BostonMarathon Amen! http://t.co/B5cW4oGzIa,['#BostonMarathon']
324496867205451776,"RT @BostonMarathons: For each RT this gets, $1 will be donated to the victims of the Boston Marathon Explosions. #DonateToBoston",['#DonateToBoston']
324500323324530688,"No more stories of Boston for Jwil, too many nightmares #prayforboston",['#prayforboston']
324562235429122048,Halfwit actor @jaymohr37 blames #Boston attack on gun culture: ‚Äô2nd amendment must go‚Äô http://t.co/cm4tlTHKt6,['#Boston']
324565569913368577,RT @LoveForBoston: This is literally the saddest thing I have ever read #prayforboston http://t.co/Q3H4Pd69cM,['#prayforboston']
324573581038190592,#BreakingNews | Report: 'Substantial Progress' in Marathon Bombing Case | http://t.co/nKSfRu7dfU,['#BreakingNews']
324578446443425794,"RT @WCVB: #BREAKING: According to @WuWCVB, an arrest in #BostonMarathon bombing is imminent or has already taken place.","['#BREAKING', '#BostonMarathon']"
324580778442891264,Tick-tock-tick-tock. Waiting for 'no terrorist can be #ROP follower' cry to reach its crescendo. ID'd #boston,"['#ROP', '#boston']"
324586365276794880,Some days I hate social media! Everyone in a rush to be first to break news. What happened to journalistic integrity? #BostonMarathon #fb,"['#BostonMarathon', '#fb']"
324596582588755968,RT @FOXSoccer: RT @MCFC #mcfc laid a wreath tonight for the victims &amp; all those affected by the Boston Marathon bombings #together h ...,"['#mcfc', '#together']"
324597236895977474,"RT @YourAnonNews: While CNN is trying confuse &amp; distract the American public with Boston Marathon suspects, #CISPA just passed the H ...",['#CISPA']
324602131669741569,Excellent article by @ggreenwald on the #BostonMarathon bomb blasts and the subsequent frenzy to blame Muslims...   http://t.co/qus99OyBoZ,['#BostonMarathon']
324604413366910976,International Herald Tribune: video points to suspect in Marathon bombing #tomorrowspaperstoday http://t.co/OIsXxhYr07,['#tomorrowspaperstoday']
324621580636405761,"RT @fenvirantiviral: Doctors: bombs contained pellets, shrapnel and nails that hit victims #BostonMarathon @NBC6",['#BostonMarathon']
324625422652428289,"A prayer 4 those still mourning a terrible, unnecessary loss. http://t.co/P31H3WjB42 Still hurting #Newtown #BostonMarathon","['#Newtown', '#BostonMarathon']"
324701771538776064,#Helltotheyeah #coverup RT @Boazziz: The Saudi that was detained Re #BostonMarathon &amp; released (cont) http://t.co/PnoAheaZ6s,"['#Helltotheyeah', '#coverup', '#BostonMarathon']"
324705621905649664,My #selfie #swaggypeacehope #justordinarygurl #prayforboston pray#selca I need more followers! #Pluuuuhease http://t.co/3bF25vbGnM,"['#selfie', '#swaggypeacehope', '#justordinarygurl', '#prayforboston', '#selca', '#Pluuuuhease']"
324735330156699648,Boston. Bangalore. Now Texas Factory Explosion. #enoughfornow Where's the world heading?,['#enoughfornow']
324741541929316355,Isaiah 40:31 right about now #prayforwest #bostonstrong #prayforboston,"['#prayforwest', '#bostonstrong', '#prayforboston']"
324750853309345792,so many horrible things happening. Just hope peace comes soon. Cause this is getting scary. #PrayforTexas #PrayforBoston.,"['#PrayforTexas', '#PrayforBoston']"
324773355716767744,RT @thatssoRaeLynn_: An explosion in texas bombs in boston when is this going to stop america is falling to peices. #prayforBostonandTexas,['#prayforBostonandTexas']
324794964787740672,#prayfortexas #PrayforBoston life is to short to dwell on little stuff,"['#prayfortexas', '#PrayforBoston']"
324847058026643456,We now have the Boston bombing &amp; the explosion in Texas added alongside Virginia Tech for this week of mourning in April. #PrayForUsAll,['#PrayForUsAll']
324856960795176960,@ESPN_Greeny heard the audio from Boston on my way to work this am &amp; saw flags waving. Teary-eyed by the end! #prayforboston #mike&amp;mike,"['#prayforboston', '#mike']"
324880935449395200,#bostonstrong #prayforboston #bostonmarathon #proud http://t.co/HVVl298Ja2,"['#bostonstrong', '#prayforboston', '#bostonmarathon', '#proud']"
324939534049607681,RT @YourAnonNews: Question to #FBI. What are private military forces doing at #Boston marathon?! http://t.co/hT87yO6xWr via @57UN,"['#FBI', '#Boston']"
324978482364944385,In these words there is all the power of a united Nation #Obama http://t.co/T3UEv4O95L via @whitehouse #BostonMarathon,"['#Obama', '#BostonMarathon']"
324996958278270976,"RT @fox25news: ONLY ON FOX 25: Photo of possible second Boston Marathon bomber, possible bomb before explosion #fox25 #fbi http://t.co/j2FB‚Ä¶","['#fox25', '#fbi']"
324997302207016960,RT @chiquibabyLA: FBI FOTOS de los sospechosos #bostonmarathon bombings checalas y hazle share:  http://t.co/LYU5WY75Md,['#bostonmarathon']
325001152582270977,Photo of Suspects 1 and 2 in the Boston Marathon Bombings. #boston #FBI #help http://t.co/REVNKpyQVY,"['#boston', '#FBI', '#help']"
325014511457280001,RT @cnnbrk: FBI release this photo of 2 #Boston bombing suspects. http://t.co/pcuskSgjaF http://t.co/cU9uBnYsv5,['#Boston']
325091690815844352,RT @southerrnnbelle: It breaks my heart for all the people in Boston #prayforboston,['#prayforboston']
325095222432378881,Going to be VERY emotional tmrw at Fenway for first #RedSox game since marathon tragedy. #BostonStrong,"['#RedSox', '#BostonStrong']"
325103644594827265,"Boston Marathon, Texas, MIT... At this point we need to stop praying for specific locations and instead #prayfortheworld",['#prayfortheworld']
325114088394997760,#prayforboston #prayforbaghdad #prayforafghanistan #prayforsiriya #prayforpalestine #prayforsomalia‚Ä¶ http://t.co/1tBDbgQdTO,"['#prayforboston', '#prayforbaghdad', '#prayforafghanistan', '#prayforsiriya', '#prayforpalestine', '#prayforsomalia']"
325122925810290689,RT @AKitz: Backpacks left on laurel st. Bomb squad is out #mit #mitshooting #boston http://t.co/0A3Mjmshkz,"['#mit', '#mitshooting', '#boston']"
325140617392959488,RT @AustinVesely: This is the first time the police have confirmed on the scanner that these are the Marathon bombing suspects. #Boston #Wa‚Ä¶,"['#Boston', '#Wa']"
325144132223897600,RT @Daily_Star: VIDEO UPDATE: Footage of gunfire and explosions in #Boston as cops search for killer: http://t.co/bicl5nVn30,['#Boston']
325146330034999298,People in Boston needs Prayers yet again tonight ! ... #Marathon #Boston,"['#Marathon', '#Boston']"
325158602560118784,RT @stforeigndesk: Captured #BostonMarathon bomb suspect is dead: US media #breaking,"['#BostonMarathon', '#breaking']"
325176155701407744,RT @BBCNewsUS: #Watertown: Police search for white-capped #Boston Marathon bomb suspect on the loose after shooting and carjacking htt ...,"['#Watertown', '#Boston']"
325179741835497473,they'll find the second #BostonMarathon bombing suspect dead somewhere or he won't be taken alive...,['#BostonMarathon']
325180589118484480,"RT @SavannahGuthrie: Live coverage on NBC now of major developments in #Bostonmarathon attack; 1 suspect dead, 1 at large.",['#Bostonmarathon']
325207508127977473,"RT @nprnews: NPR's Dina Temple-Raston says 19-year-old suspect Dzhokar Tsarnaev is alive. His 20-year-old brother, known as suspect #1,  ...",['#1']
325210821661687809,RT @xzy_: RT @russian_market: Djohar Tsarnaev writes in his social network: Personal priority: Career and Money. #Boston http://t.co/Gho7‚Ä¶,['#Boston']
325213891854483456,#Watertown: Djohar Tsarnaev's profile. Last seen: yesterday at 8:04 pm http://t.co/YJ9BgVIWUr,['#Watertown']
325231935750283266,"#Marathon Bombing suspect number 1 trained at Allston #MMA gym Wai Kru. Used to train there, unreal....","['#Marathon', '#MMA']"
325236075549323264,The only thing lamer than making a fake twitter account for the Boston terrorists is actually following them. #LAMELAMELAME!,['#LAMELAMELAME']
325238281749012481,RT @Boston_Police: #WANTED: Suspect identified as 19 year-old Dzhokhar Tsarnaev of Cambridge. Suspect considered armed &amp; dangerous. htt‚Ä¶,['#WANTED']
325244455777103872,RT @CarlosSaavedra2: Are we going to blame the world/immigrants/outsiders or actually fight against war and violence? #BostonMarathon,['#BostonMarathon']
325245726655385600,If only I could be in #PalmSprings this weekend for @DianaNyad #24hr #HurricaneSandy &amp; #BostonMarathon nonstop swim. I would dive in w/ you!,"['#PalmSprings', '#24hr', '#HurricaneSandy', '#BostonMarathon']"
325247211418034176,"RT @SportsCenter: BREAKING: Suspect #1 in Boston Marathon bombing shot and killed by police. Suspect #2 on the run, massive manhunt unde ...","['#1', '#2']"
325273044140580865,"RT @iTweetFacts: Bombing suspect Dzhokhar Tsarnaev received US citizenship on Sept 11, 2012 -- 11 yrs to the day after 9/11 attacks. #ma ...",['#ma']
325273136411054080,RT @ChirpHard: any one else want to get in line for the gauntlet and let Dzhokhar Tsarnaev skate through? #BostonStrong,['#BostonStrong']
325280220594712578,RT @AdrienneBatra: .@TheTorontoSun Aunt of Boston marathon bombing suspects lives in #Toronto. @sunreporteryuen exclusive interview http ...,['#Toronto']
325280363217838080,My heart hurts for #boston but then the coffee shop bombing in Iraq that killed 27 makes my brain hurt too. C'mon humans. We must get better,['#boston']
325290492441018369,Uncle Of Marathon Bombing Suspects Speaks: http://t.co/ZkvjLQJE8y #Boston,['#Boston']
325299489223086083,"RT @RuxandraGuidi: Was afraid of this: #Immigration reform being tied to #BostonMarathon attacks, since suspects were immigrants. http://t.‚Ä¶","['#Immigration', '#BostonMarathon']"
325304530763935744,Suspect's father thinks they were set up.  Suspect's uncle says they did this because they're losers. #bostonbombing #bostonmarathon,"['#bostonbombing', '#bostonmarathon']"
325312843887026176,RT @140elect: Dzhokhar Tsarnaev's uncle Ruslan Tsarni is a true American. Watch his interview. Truly powerful: http://t.co/LEgEpfv0CG #W ...,['#W']
325325695226101760,RT @Boston_Police: #WANTED: Search for 19 yr-old Dzhokhar Tsarnaev continues. Suspect armed &amp; dangerous. Call 1(800) CALL-FBI. http://t‚Ä¶,['#WANTED']
325328060842905600,RT @Boston_Police: #WANTED: Search for 19 yr-old Dzhokhar Tsarnaev continues. Suspect armed &amp; dangerous. Call 1(800) CALL-FBI. http://t‚Ä¶,['#WANTED']
325335799333785602,"Possible twitter account of #BostonMarathon terrorist Dzhokhar Tsarnaev, from Chechya . http://t.co/73TvJkshsI #BostonBombing #Manhunt","['#BostonMarathon', '#BostonBombing', '#Manhunt']"
325343927861387264,The song #Pray by Justin Bieber goes out to all the people that has lost someone in the bombing in #Boston! I pray for u! #PrayForBoston,"['#Pray', '#Boston', '#PrayForBoston']"
325355021795463169,RT @NBCNews: #BostonMarathon suspect on Twitter after Boston bombing: 'Stay safe' http://t.co/f6Fx26t36y,['#BostonMarathon']
325356330418315265,I rly hope they find Dzhokhar Tsarnaev ALIVE so they can blow his ass up with his own pressure cooker bomb. #MSNBC #THIRTYSIXHOURSSTRAIGHT,"['#MSNBC', '#THIRTYSIXHOURSSTRAIGHT']"
325360726082461697,RT @domf_says: someone called the police to my house because they thought I was the Boston marathon bomber.....I just was interrogated. #ho‚Ä¶,['#ho']
325392887980363776,RT @mclarkhamilton BOMB SQUAD has arrived on scene of SWAT and POLICE engagement with suspect 2 #Watertown #Boston,"['#Watertown', '#Boston']"
325393236111794177,"RT @ACSpollen: Tamerian Tsarnaev questioned in 2011 by the FBI and released? Well done FBI, well done. #BestOfTheBestOfTheBest",['#BestOfTheBestOfTheBest']
325396675428495361,"#MITshooting #BostonMarathon Chopper says flash bang are by the bow, suspect in stern, a good distance from the grenade","['#MITshooting', '#BostonMarathon']"
325399141679243264,RT @watertowntab: RT @PetesWire BREAKING: Better shot of boat where suspected #bostonmarathon bomber was hiding out. #wbz http://t.co/oBW3r‚Ä¶,"['#bostonmarathon', '#wbz']"
325409480672149505,RT @BIGGALLAGHER: They should put catch the terrorist mode in the next call of duty #boston,['#boston']
325409740693831681,RT @SoVeryAwkward: That awkward moment when Dzhokhar Tsarnaev doesn't realize that boats only work on water. #manhunt #BostonManhunt,"['#manhunt', '#BostonManhunt']"
325411024142467073,RT @ABallPlayerLife: Boston Bombing suspect #2 #GotHeeeem,"['#2', '#GotHeeeem']"
325411166778171392,RT @PBandJenelley_1: GOT HIM!!!!!! #PrayForBoston,['#PrayForBoston']
325411292586319872,RT @_Snape_: Dzhokhar Tsarnaev is in custody. Bring him to Azkaban! #BostonManhunt #Manhunt,"['#BostonManhunt', '#Manhunt']"
325413066806263809,"RT @ABC: #Breaking: Boston Bomb Suspect Taken into Custody, Police Say http://t.co/qMngWbjfBl http://t.co/vc3hnqmG1q",['#Breaking']
325416636158971904,"RT @_Snape_: Dzhokhar Tsarnaev's name rearranged is Hazard Over, Thanks. You know who else had a rearranged name? Lord Voldemort. #Boston‚Ä¶",['#Boston']
325416682266963970,"RT @_Snape_: Dzhokhar Tsarnaev's name rearranged is Hazard Over, Thanks. You know who else had a rearranged name? Lord Voldemort. #Boston‚Ä¶",['#Boston']
325427449066319872,So glad the standoff in #watertown is over. Kudos to all of the law enforcement officers involved. #ripseancollier #PrayForBoston,"['#watertown', '#ripseancollier', '#PrayForBoston']"
325431240696152064,RT @PetesWire: BREAKING: Better shot of boat where suspected #bostonmarathon bomber was hiding out. #wbz http://t.co/HsVqIDbMMd,"['#bostonmarathon', '#wbz']"
325436525510815745,Tonight's tweeting of capture of #Boston bombing suspect showed how twitter,['#Boston']
325449443971325952,Boston Marathon Bombing ‚Äî COPS KILL SUSPECT #1 ‚Ä¶ Hunting for Suspect #2 http://t.co/5x8877OEI2,"['#1', '#2']"
325450542883151874,RT @Baseball_Jesus_: Dzhokhar Tsarnaev should have to take multiple Aroldis Chapman fastballs to the nuts as punishment. #Merica,['#Merica']
325480821580505089,FBI released photos of Boston marathon bomber suspects. #manhunt http://t.co/6cY7R7rwWb,['#manhunt']
325551894049210368,#Sketch @JessieExclusive: @CNN Predicted Dzhokhar Tsarnaev would be found Friday?  #Conspiracy #BostonBombing #  http://t.co/qzmZBCf0AF,"['#Sketch', '#Conspiracy', '#BostonBombing']"
325554364481675264,"RT @AJELive: Kremlin says #Russia, #US agreed to step up counter-terrorism co-operation following #BostonMarathon bombings | http://t.co/3q‚Ä¶","['#Russia', '#US', '#BostonMarathon']"
325642830754217985,2nd suspect found! #BostonStrong #PrayForBoston,"['#BostonStrong', '#PrayForBoston']"
325726779765567488,"RT @MarathonKoach: As 1 among 1st stopped at #BostonMarathon at 25.7, Troubles me seeing '13 medals on eBay up to $1100.  Am I wrong? #fb","['#BostonMarathon', '#fb']"
325878609350893568,RT @maleamcguinness: My thoughts and prayers with everyone at the #Boston Marathon...it is so disheartening what humans do to one another,['#Boston']
325983613780885505,#BostonMarathon suspect still in serious condition according to FBI. Being treated at Beth Israel Deaconess Hospital.,['#BostonMarathon']
326327395713953792,RT @KiritRadia_ABC: Mom to ABC on how #Boston suspect influenced his brother: What Tamerlan said was law for Dzhokhar. That‚Äôs how I raised‚Ä¶,['#Boston']
326349612938047488,#brokawlive Tom Brokaw and Melissa Harris-Perry on Boston Terrorist Attack: ‚ÄúThere‚Äôs a lot we still need to kn... http://t.co/IhD6ieqbxK,['#brokawlive']
326376376791875584,RT @ThorntonFDN: Watch as the #NHLBruins honor first responders of the events surrounding the #BostonMarathon tragedy http://t.co/NfOoGOqOY5,"['#NHLBruins', '#BostonMarathon']"
326383158985621504,RT @th3j35t3r: #Boston Bombing: A hunch - http://t.co/vDZPz4MkC2,['#Boston']
326398409462398976,"RT @Reuters: Boston bombing suspect not treated as ‚Äúenemy combatant, will be prosecuted via criminal justice system: White House #breaking",['#breaking']
326433872281747456,"RT @tintin1957: #BostonMarathon: 1 day, 2 bombs, 3 dead (1 child) +100 injured. #Syria: 800 days, 1000's of bombs, +90K dead (6000 children‚Ä¶","['#BostonMarathon', '#Syria']"
326703641534820352,Kerry in Turkey Compares Boston Bombing Victims to Terrorists on Flotilla Killed by Israel http://t.co/zk3vun72nW #opisrael,['#opisrael']
326715192660594688,RT @OliversMomma: @3pageprophecy_ I still listen to Give Thanks especially on days like today. #prayforboston,['#prayforboston']
326723006636371968,"RT @rickardo74: Luis saurez when he had a nibble of ivanovic is bigger news than maggie thatcher death and Boston bomb, #sky sports cum on ‚Ä¶",['#sky']
327039806628577281,"RT @CitizenRadio: #Steubenville coach gets contract extension, Boston bombing suspect cites US wars as motivation http://t.co/534Kq0WJ3E #C‚Ä¶","['#Steubenville', '#C']"
327242408288997378,"When the Boston Marathon was bombed it really got me thinking, I wondered why? Dear Lord why weren't any of my #exgf's in that race!?",['#exgf']
327328336982454273,RT @SoundCloud: Support SoundClouder @stephenrandall's tribute song for victims of the Boston Marathon bombing #bostonstrong http://t.co/eu‚Ä¶,['#bostonstrong']
327457634808647681,Boston Marathon Bombing Investigators Using Crowdsourced Photographs http://t.co/NIE05JwOBZ #photography,['#photography']
329065672229404672,RT @runnersworld: Race director Dave McGillivray completed his #bostonmarathon today http://t.co/fnHGmqXK9k,['#bostonmarathon']
329190494724816896,RT @MissDiagnosis: My latest:  #Jihad and the #BostonMarathon #Bombers Forget about ‚Äòmotive‚Äô - via @nypostopinion  http://t.co/G0roAq3miN,"['#Jihad', '#BostonMarathon', '#Bombers']"
329258475999866880,HOLY CRAP HOW STUPID - Dem Congresswoman:Background Checks Would Have Stopped Tsarnaev Shootout http://t.co/7AeIhxjfep #dnc #nra #gop #ows,"['#dnc', '#nra', '#gop', '#ows']"
329644817531420672,"RT @mitchellreports: .@PeteWilliamsNBC says 3 are accused of taking some items that belonged to #Dzhokhar, throwing them away, and denying‚Ä¶",['#Dzhokhar']
329659724100419586,did anyone see that old man falling on the ground like a sack of shit at the #bostonmarathon ? what a #noob,"['#bostonmarathon', '#noob']"
330109428969897985,"RT @cnnbrk: Source: Suspected #Boston bombers initially planned to carry out attack on July 4, but bombs were ready early. http://t.co/Bu67‚Ä¶",['#Boston']
330562824835330049,"#BRTT‚û† AFTER Boston Bombing, US Customs Decides to Verify All International Student Visas:  http://t.co/aSdAeA35J1 #TGDN #TCOT #CCOT","['#BRTT', '#TGDN', '#TCOT', '#CCOT']"
330702608421494785,RT @iamYayaGabbana: a lot niggaz ain't gonna make it to the end of summer #PrayForBoston,['#PrayForBoston']
331021937579008000,RT @kylegotjokes: I knew this Boston shit was so much deeper than the news said #WakeUp #PrayForBoston #FreeBands http://t.co/Rt7Mc6ETmX,"['#WakeUp', '#PrayForBoston', '#FreeBands']"
333627296600686594,"RT @Ohpubertalks: R.I.P. to the 8 year-old girl who died in Boston's explosions, while running for the Sandy Hook kids. #prayforboston http‚Ä¶",['#prayforboston']
333981371368353794,The BOSTON MARATHON ZUP is emerging on #Tweetzup http://t.co/9OeAzRhNHt,['#Tweetzup']
336045166039281664,#BostonBomber #6Stars in Grand Theft Auto early.. Dzhorkar Tsarnaev #MaimingMilers #music #Roadkill #DeadManDown http://t.co/z8lemHNEnm,"['#BostonBomber', '#6Stars', '#MaimingMilers', '#music', '#Roadkill', '#DeadManDown']"
337542079603437569,"What's worse- security service saying they knew about terrorists and investigated them, or that they'd never heard of them? #london #boston","['#london', '#boston']"
337937153688473600,RT @RedSox: #RedSox fans: Help @davidortiz raise money for Boston Marathon victims by purchasing a custom bat from http://t.co/tJijN3QLGD #‚Ä¶,['#RedSox']
338321003807649794,RT @mattpep15: Thousands got to finish the #BostonMarathon today. Here's a photo at the finish. http://t.co/MqRjKZfGkk,['#BostonMarathon']
339257361170591744,@elenaaaaaa6 candy crush is a game &amp;&amp; #PrayForBoston isn't telling people to DM them how they feelüò≥,['#PrayForBoston']
343337278111875072,"RT @dens: Btw, special thanks to @DICKS for helping me &amp; @chelsa complete our fundraising goals for Boston Marathon (hence those #RunFor tw‚Ä¶",['#RunFor']
