source_tweet,target_user,type
323808103780990976,@VitoCaro7,mention
323808103780990976,@kyle_piersma,mention
323808103780990976,@VitoCaro7,retweet
323873597825355778,@DianneG,mention
323873597825355778,@AntDeRosa,mention
323873597825355778,@Boston_to_a_T,mention
323873597825355778,@DianneG,retweet
323873597825355778,@Boston_to_a_T,retweet
323874558325161984,@theoriginalwak,mention
323875502056161281,@Lana,mention
323875502056161281,@theoriginalwak,mention
323875502056161281,@Lana,retweet
323875502056161281,@theoriginalwak,retweet
323875539788128256,@alertnewengland,mention
323875539788128256,@alertnewengland,retweet
323876642911031297,@WBZ,mention
323877544694784000,@alicegoldfuss,mention
323877544694784000,@theoriginalwak,mention
323877624382373888,@RobGronkowski,mention
323877624382373888,@RobGronkowski,retweet
323877825696366592,@BostonDotCom,mention
323877825696366592,@BostonDotCom,retweet
323877985088331778,@lindsaylohan,mention
323877985088331778,@lindsaylohan,retweet
323878136091639809,@CMichaelGibson,mention
323878136091639809,@CMichaelGibson,retweet
323878727488516096,@RunCompetitor,mention
323878727488516096,@RunCompetitor,retweet
323879495041966080,@itvnews,mention
323879495041966080,@itvnews,retweet
323879717306507264,@michellemalkin,mention
323879717306507264,@JimArmstrongWBZ,mention
323879717306507264,@michellemalkin,retweet
323879759278923777,@RichelleCarey,mention
323879759278923777,@cnnbrk,mention
323879759278923777,@RichelleCarey,retweet
323879973188419584,@mjbrender,mention
323879973188419584,@mjbrender,retweet
323880602321448961,@awmannes,mention
323880602321448961,@thedailybeast,mention
323880602321448961,@brm90,mention
323880602321448961,@awmannes,retweet
323880610726834178,@maevejrolf,mention
323880610726834178,@maevejrolf,retweet
323880648479748096,@markweaver,mention
323880648479748096,@markweaver,retweet
323880942081040384,@FamousNobodies,mention
323880942081040384,@FamousNobodies,retweet
323881852215631873,@spj_tweets,mention
323881852215631873,@spj_tweets,retweet
323882229707202561,@QuotationMarks1,mention
323882229707202561,@QuotationMarks1,retweet
323882661720510464,@Ken_Rosenthal,mention
323882661720510464,@Ken_Rosenthal,retweet
323882925982629888,@msnbc,mention
323882925982629888,@msnbc,retweet
323882946933178368,@YahooNews,mention
323883236331761665,@TeamRunner4Life,mention
323883236331761665,@TeamRunner4Life,retweet
323883693527674881,@AARONS_WORLD,mention
323883693527674881,@AARONS_WORLD,retweet
323883827762180097,@tim_brannigan,mention
323883827762180097,@tim_brannigan,retweet
323884519788789760,@SportsCenter,mention
323884519788789760,@SportsCenter,retweet
323884582703345665,@Pink,mention
323884582703345665,@Pink,retweet
323884641419415554,@lauren11708,mention
323884641419415554,@lauren11708,retweet
323884742107873280,@WSJ,mention
323884742107873280,@WSJ,retweet
323885169922695168,@BBCBreaking,mention
323885169922695168,@BBCBreaking,retweet
323885442556637185,@rob_bieber,mention
323885442556637185,@youtube,mention
323885442556637185,@rob_bieber,retweet
323885803266797568,@BigBootyProbs,mention
323885803266797568,@BigBootyProbs,retweet
323885849412521985,@Hobbknob,mention
323885849412521985,@Hobbknob,retweet
323886088483643393,@dailydot,mention
323886088483643393,@dailydot,retweet
323886226878902272,@cnnbrk,mention
323886226878902272,@cnnbrk,retweet
323886243681284097,@piersmorgan,mention
323886243681284097,@piersmorgan,retweet
323886671491915776,@LauraLaneNYC,mention
323886671491915776,@LauraLaneNYC,retweet
323886994457501696,@Podolski10,mention
323886994457501696,@Podolski10,retweet
323887120261468160,@MarissaNBCLA,mention
323887120261468160,@MarissaNBCLA,retweet
323887153811705858,@cnnbrk,mention
323887153811705858,@cnnbrk,retweet
323887460008468480,@KCRG,mention
323887460008468480,@KCRG,retweet
323887648764735489,@KaraKrystel,mention
323887648764735489,@KaraKrystel,retweet
323887661318303744,@ItsJennaMarbles,mention
323887661318303744,@ItsJennaMarbles,retweet
323887711649923074,@WhiteGinga1999,mention
323887711649923074,@WhiteGinga1999,retweet
323888181441351681,@BethanSheeran,mention
323888181441351681,@BethanSheeran,retweet
323888298886041601,@mufc_blog,mention
323888298886041601,@mufc_blog,retweet
323888353391042561,@DapDMoney,mention
323888353391042561,@DapDMoney,retweet
323888378577817600,@TheFireTracker2,mention
323888378577817600,@TheFireTracker2,retweet
323888458269614082,@BostonGlobe,mention
323888458269614082,@BostonGlobe,retweet
323888600846581761,@runnersworld,mention
323888600846581761,@runnersworld,retweet
323888730895171584,@AbbyWambach,mention
323888730895171584,@AbbyWambach,retweet
323888735093657600,@backrubprincess,mention
323890173735747584,@dee_8689,mention
323890173735747584,@dee_8689,retweet
323890249220648961,@AnnieGelnaw,mention
323890249220648961,@AnnieGelnaw,retweet
323890354074046466,@katyyperryyoxo,mention
323890354074046466,@katyyperryyoxo,retweet
323890618315186177,@samclaflin,mention
323890618315186177,@samclaflin,retweet
323890790298427392,@KayCNN,mention
323890790298427392,@KayCNN,retweet
323891427815878656,@JamesLiamCook,mention
323891427815878656,@JamesLiamCook,retweet
323892820320583681,@DinoSamona,mention
323892820320583681,@DinoSamona,retweet
323892824523276288,@OfficialKat,mention
323892824523276288,@OfficialKat,retweet
323893009089445888,@Lauratobin1,mention
323893009089445888,@Lauratobin1,retweet
323893046829780992,@MalenaHarper,mention
323893046829780992,@MalenaHarper,retweet
323893105524879360,@aliciakeys,mention
323893105524879360,@aliciakeys,retweet
323893415903379456,@BuzzFeedNews,mention
323893415903379456,@BuzzFeedNews,retweet
323893474623627264,@__chloenicolle,mention
323893516579262464,@08_Fitzy,mention
323893516579262464,@08_Fitzy,retweet
323893696921739265,@LyricPostings,mention
323893696921739265,@LyricPostings,retweet
323893747274366976,@ashleycolley,mention
323893747274366976,@ashleycolley,retweet
323893843739176961,@NBA_Wallpapers_,mention
323893843739176961,@NBA_Wallpapers_,retweet
323893915025563648,@WeLoveFredo,mention
323893915025563648,@WeLoveFredo,retweet
323894003143700480,@GigiGraciette,mention
323894560960954368,@FellowshipLR,mention
323894560960954368,@FellowshipLR,retweet
323894581928288258,@NoRapist,mention
323894581928288258,@NoRapist,retweet
323894607110881280,@BDOG247,mention
323894607110881280,@BDOG247,retweet
323894695195471873,@ShyhiemB,mention
323894695195471873,@ShyhiemB,retweet
323895118790815744,@HugoAmazing,mention
323895118790815744,@HugoAmazing,retweet
323895156543721472,@HuntsmanAbby,mention
323895156543721472,@HuntsmanAbby,retweet
323895261422297088,@EcheMadubuike,mention
323895261422297088,@EcheMadubuike,retweet
323895550829264896,@USA_Swimming,mention
323895550829264896,@USA_Swimming,retweet
323895575974141952,@Boy1duh,mention
323895575974141952,@Boy1duh,retweet
323895773127393281,@AP,mention
323895773127393281,@AP,retweet
323895903129841664,@FinnHarries,mention
323895903129841664,@FinnHarries,retweet
323895924113952769,@ErikaEnd0,mention
323895924113952769,@ErikaEnd0,retweet
323895987028504577,@WLTX,mention
323895987028504577,@WLTX,retweet
323896037381111810,@nytimes,mention
323896037381111810,@nytimes,retweet
323896146433015808,@iCatchLovato,mention
323896146433015808,@iCatchLovato,retweet
323896221901139968,@AnonOpsLegion,mention
323896221901139968,@AnonOpsLegion,retweet
323896414839111681,@BloombergNews,mention
323896414839111681,@BloombergNews,retweet
323896708461363201,@HuntsmanAbby,mention
323896708461363201,@HuntsmanAbby,retweet
323896733614628864,@SprtsHumor,mention
323896733614628864,@SprtsHumor,retweet
323897123701653505,@cnnbrk,mention
323897123701653505,@cnnbrk,retweet
323897509565038592,@JahRastaMouse,mention
323897509565038592,@JahRastaMouse,retweet
323898621063995393,@ultramusic,mention
323898621063995393,@ultramusic,retweet
323898948228112385,@penialltration,mention
323898948228112385,@penialltration,retweet
323899023700393984,@hollywills,mention
323899023700393984,@hollywills,retweet
323899120194560000,@stephaniesmyth,mention
323899120194560000,@BostonMarathon,mention
323899120194560000,@stephaniesmyth,retweet
323899845783982081,@ionamatheson,mention
323899845783982081,@ionamatheson,retweet
323900252656652288,@BostonDotCom,mention
323900252656652288,@stevesilva,mention
323900252656652288,@BostonDotCom,retweet
323900495888527363,@bkeegan,mention
323900495888527363,@bkeegan,retweet
323901007597801472,@HuntsmanAbby,mention
323901007597801472,@HuntsmanAbby,retweet
323901166985568257,@Flotrack,mention
323901166985568257,@Flotrack,retweet
323901204759457792,@Melmichelle22,mention
323901204759457792,@Melmichelle22,retweet
323901687091826688,@cnnbrk,mention
323901687091826688,@cnnbrk,retweet
323901888431005696,@boystxts,mention
323901888431005696,@boystxts,retweet
323902341420036096,@YourAnonNews,mention
323902341420036096,@RedCross,mention
323902341420036096,@YourAnonNews,retweet
323902752440856576,@NDJ_Official,mention
323902752440856576,@NDJ_Official,retweet
323902802776707073,@JeffersonBethke,mention
323902802776707073,@brm90,mention
323902802776707073,@JeffersonBethke,retweet
323902878253191168,@FinnHarries,mention
323902878253191168,@FinnHarries,retweet
323902941205499907,@thebiebstagram,mention
323902941205499907,@thebiebstagram,retweet
323903540965810177,@911BUFF,mention
323903540965810177,@911BUFF,retweet
323903675175149569,@googlemaps,mention
323903675175149569,@googlemaps,retweet
323903763280711683,@AP,mention
323903763280711683,@AP,retweet
323903985578831872,@NHL,mention
323903985578831872,@NHL,retweet
323904178500038657,@mrjakehumphrey,mention
323904178500038657,@mrjakehumphrey,retweet
323904199471538179,@TheSimplyEpic,mention
323904199471538179,@TheSimplyEpic,retweet
323904199488327680,@carlymazing,mention
323904325325832192,@RealRomaDowney,mention
323904325325832192,@northlandchurch,mention
323904325325832192,@RealRomaDowney,retweet
323904618889375745,@HoodJesusYo,mention
323904618889375745,@HoodJesusYo,retweet
323904673423716352,@michellemalkin,mention
323904673423716352,@TwitchyTeam,mention
323904673423716352,@michellemalkin,retweet
323904698610503681,@KimKardashian,mention
323904698610503681,@KimKardashian,retweet
323904740532551680,@ksdknews,mention
323904740532551680,@ksdknews,retweet
323905441010688000,@mrjakehumphrey,mention
323905441010688000,@mrjakehumphrey,retweet
323905591984672769,@DuncanBannatyne,mention
323905591984672769,@DuncanBannatyne,retweet
323905612952006656,@CdnPress,mention
323905612952006656,@CdnPress,retweet
323906074312851456,@KingJames,mention
323906074312851456,@KingJames,retweet
323906191753375745,@SorryNotSoorry,mention
323906325987868674,@OhDearOOMF,mention
323906325987868674,@OhDearOOMF,retweet
323907236135063554,@orla_msc,mention
323907236135063554,@orla_msc,retweet
323907437499396096,@TheMindBlowing,mention
323907437499396096,@TheMindBlowing,retweet
323907563311751168,@BreakingNews,mention
323907563311751168,@BreakingNews,retweet
323907584295845889,@ialwaysloveJDB,mention
323907584295845889,@ialwaysloveJDB,retweet
323907823354408960,@TanyaBurr,mention
323907823354408960,@TanyaBurr,retweet
323907869504323584,@HuntsmanAbby,mention
323907869504323584,@HuntsmanAbby,retweet
323908079227916290,@PRyan,mention
323908079227916290,@PRyan,retweet
323908121133215744,@harryfletch_,mention
323908121133215744,@harryfletch_,retweet
323908137939763200,@chillposts_,mention
323908137939763200,@chillposts_,retweet
323908200833355776,@TheMindBlowing,mention
323908200833355776,@TheMindBlowing,retweet
323908343439691776,@nerdist,mention
323908343439691776,@nerdist,retweet
323908393779728385,@mozzaharrystick,mention
323908393779728385,@mozzaharrystick,retweet
323908469285588993,@BostonGlobe,mention
323908469285588993,@BostonGlobe,retweet
323908641235279873,@MillieSabrina,mention
323908641235279873,@KeatonStromberg,mention
323908641235279873,@MillieSabrina,retweet
323908842566086656,@firstduephotos,mention
323908842566086656,@firstduephotos,retweet
323908850946281473,@TheAtlanticWire,mention
323908850946281473,@TheAtlanticWire,retweet
323908905484832768,@tracywatkins,mention
323908905484832768,@tracywatkins,retweet
323909119377559552,@MakaylaOwens2,mention
323909119377559552,@ohabioh,mention
323909119377559552,@MakaylaOwens2,retweet
323909136154775552,@josephstamper,mention
323909136154775552,@josephstamper,retweet
323909148741890048,@benfergusonshow,mention
323909148741890048,@benfergusonshow,retweet
323909148746059776,@CarsonRapsilver,mention
323909148746059776,@CarsonRapsilver,retweet
323909203288813568,@Eoghan_Curran,mention
323909203288813568,@Eoghan_Curran,retweet
323909295571861504,@Real_Liam_Payne,mention
323909459145547777,@SportsCenter,mention
323909459145547777,@SportsCenter,retweet
323909488480509952,@mishacollins,mention
323909488480509952,@brm90,mention
323909488480509952,@mishacollins,retweet
323909568176472064,@FoxNews,mention
323909568176472064,@FoxNews,retweet
323909580784533505,@BostonTweet,mention
323909580784533505,@BostonTweet,retweet
323909673029873665,@subaru_usa,mention
323909673029873665,@subaru_usa,retweet
323910134399115265,@kwild,mention
323910134399115265,@emamd,mention
323910432228253696,@google,mention
323910432228253696,@google,retweet
323911141036290048,@iiTalk_uDont,mention
323911141036290048,@DrayaFace,mention
323911304639295489,@BostonGlobe,mention
323911304639295489,@cmcloutier,mention
323911304639295489,@BostonGlobe,retweet
323911359156871170,@seanwbu,mention
323911690502696960,@google,mention
323911690502696960,@google,retweet
323911736656793601,@AnnCurry,mention
323911736656793601,@AnnCurry,retweet
323911749231312896,@Cadizzlemore,mention
323911749231312896,@Cadizzlemore,retweet
323912126710312962,@YahooNews,mention
323912126710312962,@YahooNews,retweet
323912177029378048,@MyJustinQuotes,mention
323912177029378048,@MyJustinQuotes,retweet
323912302883639296,@franagudo,mention
323912302883639296,@franagudo,retweet
323912617443872769,@emitoms,mention
323912617443872769,@emitoms,retweet
323913158492303360,@Connor_Eli,mention
323913158492303360,@Connor_Eli,retweet
323913187856613377,@todayshow,mention
323913187856613377,@todayshow,retweet
323913603109490688,@Josh_Vintson,mention
323913603109490688,@Josh_Vintson,retweet
323913829601914881,@we_believejb,mention
323913829601914881,@we_believejb,retweet
323913858949472256,@GordonEdes,mention
323914110620274688,@TheCoachESPN,mention
323914110620274688,@TheCoachESPN,retweet
323914479706464256,@glvredcross,mention
323914479706464256,@glvredcross,retweet
323915029168672768,@snugglinghazza,mention
323915029168672768,@snugglinghazza,retweet
323915171770798080,@CBSSports,mention
323915247259877377,@samantha_june3,mention
323915247259877377,@Darkskin,mention
323915247259877377,@samantha_june3,retweet
323915247259877377,@Darkskin,retweet
323915364717195264,@emitoms,mention
323915364717195264,@emitoms,retweet
323915398288379905,@JMaxey97,mention
323915398288379905,@JMaxey97,retweet
323915771543683073,@hannadianee,mention
323915771543683073,@hannadianee,retweet
323915863851937792,@BiebersRobot,mention
323915863851937792,@BiebersRobot,retweet
323916086116487168,@NBCLA,mention
323916086116487168,@NBCLA,retweet
323916149039452160,@BryanJacoutot,mention
323916149039452160,@BryanJacoutot,retweet
323916459417931779,@Jades_BowtiesLM,mention
323916459417931779,@definitelylouis,mention
323916459417931779,@Jades_BowtiesLM,retweet
323917138886815744,@mylifeasafemale,mention
323917138886815744,@mylifeasafemale,retweet
323917424112054275,@twhiddleston,mention
323917424112054275,@twhiddleston,retweet
323917612864114688,@HuffingtonPost,mention
323917612864114688,@HuffingtonPost,retweet
323917763850686464,@KrisSanchez,mention
323917763850686464,@KrisSanchez,retweet
323917910642946048,@Karan1095,mention
323917910642946048,@Karan1095,retweet
323918019690639360,@LovendPeace,mention
323918019690639360,@LovendPeace,retweet
323918116163813376,@DemetriaSing,mention
323918116163813376,@DemetriaSing,retweet
323918330094317568,@BostonGlobe,mention
323918330094317568,@BostonGlobe,retweet
323918434960293888,@joshhenderson,mention
323918611121061888,@BMW_LifeMorals,mention
323918611121061888,@BMW_LifeMorals,retweet
323918841799376896,@CNNLive,mention
323918841799376896,@CNN,mention
323918879527161857,@goldnKATEbridge,mention
323918879527161857,@goldnKATEbridge,retweet
323918921465999362,@abyjavaadmalik,mention
323918921465999362,@abyjavaadmalik,retweet
323919605171122177,@aceYthekidd,mention
323919605171122177,@aceYthekidd,retweet
323919680672763906,@GovBrewer,mention
323919680672763906,@GovBrewer,retweet
323920167178493953,@Jenna_Marbles,mention
323920167178493953,@Jenna_Marbles,retweet
323920792150761472,@DanielMartinAdv,mention
323920792150761472,@DanielMartinAdv,retweet
323920980898631680,@shagcaster,mention
323920980898631680,@_bal_,mention
323920980898631680,@shagcaster,retweet
323921178026721280,@corien_xxx,mention
323921178026721280,@larrys_condom_,mention
323922037854855168,@Megan_Miller_23,mention
323922037854855168,@Megan_Miller_23,retweet
323922209817120768,@cnnbrk,mention
323922209817120768,@cnnbrk,retweet
323922411126939648,@eNCAnews,mention
323922411126939648,@eNCAnews,retweet
323924088852717570,@1DUpdatesOnline,mention
323924088852717570,@1DUpdatesOnline,retweet
323925330362507264,@Akon,mention
323925330362507264,@Akon,retweet
323926114701565954,@betseyross,mention
323926114701565954,@betseyross,retweet
323926148272779265,@_Snape_,mention
323926148272779265,@_Snape_,retweet
323926752256737280,@RobKardashian,mention
323926752256737280,@RobKardashian,retweet
323926781600088064,@Google,mention
323926781600088064,@RedCross,mention
323926823568306176,@LifeFacts,mention
323926823568306176,@LifeFacts,retweet
323927138107535360,@AnneFoxyCoxy,mention
323927138107535360,@AnneFoxyCoxy,retweet
323927284937523202,@google,mention
323927284937523202,@google,retweet
323927318483591169,@CardinalDolan,mention
323927318483591169,@CardinalDolan,retweet
323927544976003072,@lala,mention
323927544976003072,@lala,retweet
323927599493545984,@JaiBrooks1,mention
323927599493545984,@JaiBrooks1,retweet
323927616295956480,@Magicllamas_,mention
323927721149353984,@TWDJesus,mention
323927721149353984,@TWDJesus,retweet
323928132170166272,@Prayer_Healing,mention
323928132170166272,@Prayer_Healing,retweet
323928505450643458,@justinbieber,mention
323928950051045377,@EdSheerrann,mention
323928950051045377,@EdSheerrann,retweet
323928992002478080,@iamrashidajones,mention
323928992002478080,@iamrashidajones,retweet
323929935746064384,@michaelhayes,mention
323929935746064384,@michaelhayes,retweet
323929973457039360,@Erinthemustache,mention
323930808161280000,@NBCNews,mention
323930808161280000,@NBCNews,retweet
323931319828627457,@Pau_DS,mention
323931319828627457,@Pau_DS,retweet
323931496001970176,@cocktailouis,mention
323931496001970176,@NicolaPayne2788,mention
323931496001970176,@cocktailouis,retweet
323932682994192384,@TinaBhatnagar,mention
323932682994192384,@twitter,mention
323932682994192384,@TinaBhatnagar,retweet
323932733321641984,@BillSimmons,mention
323932733321641984,@BillSimmons,retweet
323932833989160960,@BobbyDeSanzo,mention
323932833989160960,@BobbyDeSanzo,retweet
323932859142373376,@masg66,mention
323932859142373376,@masg66,retweet
323933043687563264,@NaY_BaY,mention
323933043687563264,@NaY_BaY,retweet
323933345685835776,@1drulesmylife,mention
323933345685835776,@1drulesmylife,retweet
323935170229059584,@BornToRaceMovie,mention
323935170229059584,@BornToRaceMovie,retweet
323935300235689985,@_Snape_,mention
323935300235689985,@_Snape_,retweet
323935384134361088,@SarahJMBP,mention
323935384134361088,@SarahJMBP,retweet
323935539311022080,@NFL_Memes,mention
323935539311022080,@NFL_Memes,retweet
323935556075667457,@BorisYu,mention
323935556075667457,@cnnbrk,mention
323935556075667457,@BorisYu,retweet
323935627416588288,@paramore,mention
323935627416588288,@paramore,retweet
323935711264907265,@BreakingNews,mention
323935711264907265,@AP,mention
323935837098221571,@TimTebow,mention
323935837098221571,@TimTebow,retweet
323935870673625088,@KaitlynGomez_,mention
323935870673625088,@KaitlynGomez_,retweet
323936348832690176,@NBCNews,mention
323936348832690176,@NBCNews,retweet
323937313510023170,@spurs,mention
323937313510023170,@spurs,retweet
323938127209197568,@cnnbrk,mention
323938127209197568,@cnnbrk,retweet
323938471150493696,@JaiBrooks1,mention
323938471150493696,@JaiBrooks1,retweet
323938643087601664,@twhiddleston,mention
323938643087601664,@twhiddleston,retweet
323939796550557696,@RichMcD1234,mention
323940090130866176,@FillWerrell,mention
323940090130866176,@FillWerrell,retweet
323940761211117568,@ChristinaNg27,mention
323940761211117568,@DianeSawyer,mention
323940761211117568,@ChristinaNg27,retweet
323941419742027777,@USArmy,mention
323941419742027777,@MattHood21,mention
323941419742027777,@USArmy,retweet
323941419742027777,@MattHood21,retweet
323941595894403072,@A_Ducktrumpet,mention
323941595894403072,@A_Ducktrumpet,retweet
323942820635373568,@nycjim,mention
323942820635373568,@nycjim,retweet
323943021961949185,@TechCrunch,mention
323943021961949185,@ferenstein,mention
323943021961949185,@TechCrunch,retweet
323945198805733376,@ashleytisdale,mention
323945198805733376,@ashleytisdale,retweet
323945744061038592,@lefty_1998,mention
323945744061038592,@lefty_1998,retweet
323945848901869568,@weyhey_ziall,mention
323945848901869568,@weyhey_ziall,retweet
323947480490311680,@anniejclark,mention
323947480490311680,@anniejclark,retweet
323947614699651072,@sarahTW_TM,mention
323947614699651072,@sarahTW_TM,retweet
323948159963373568,@mealburez,mention
323948159963373568,@mealburez,retweet
323949581861806081,@kylieminogue,mention
323949581861806081,@kylieminogue,retweet
323950160646373376,@prayforbst,mention
323950160646373376,@prayforbst,retweet
323951397974470658,@911BUFF,mention
323951397974470658,@911BUFF,retweet
323953537090465794,@SofiaDecio,mention
323953537090465794,@SofiaDecio,retweet
323953608372649984,@RobertoLuongo_1,mention
323953608372649984,@RobertoLuongo_1,retweet
323953646125608960,@CoachKWisdom,mention
323953646125608960,@CoachKWisdom,retweet
323956003332816898,@JamesWright__,mention
323956003332816898,@JamesWright__,retweet
323956951224569856,@HopeForBoston,mention
323956951224569856,@HopeForBoston,retweet
323959115506388993,@scooterbraun,mention
323959115506388993,@scooterbraun,retweet
323961120366948356,@T_swaggga,mention
323961120366948356,@T_swaggga,retweet
323961636283092995,@KoolSloth,mention
323961636283092995,@KoolSloth,retweet
323961820845060096,@nbcnightlynews,mention
323961820845060096,@nbcnightlynews,retweet
323962168963903488,@Footballtweets3,mention
323962168963903488,@Footballtweets3,retweet
323962265403547648,@Kaylaboos13,mention
323962265403547648,@Kaylaboos13,retweet
323963301430194176,@miilkkk,mention
323966140953022464,@NFL_Stats,mention
323966140953022464,@NFL_Stats,retweet
323967466340487168,@HopeForBoston,mention
323967466340487168,@HopeForBoston,retweet
323968640783380480,@bostonevolution,mention
323968640783380480,@liamwcvb,mention
323968640783380480,@bostonevolution,retweet
323968640783380480,@liamwcvb,retweet
323968963736399872,@RedCross,mention
323968963736399872,@RedCross,retweet
323969668379463680,@D_hagen,mention
323969668379463680,@D_hagen,retweet
323971094434426880,@ginadee1h,mention
323971941700616192,@dailybeasttv,mention
323971941700616192,@dailybeasttv,retweet
323972273042231297,@Moreno,mention
323972273042231297,@Moreno,retweet
323973124481748994,@RandyMeierFox9,mention
323974798009049088,@TraxFMJKT,mention
323974798009049088,@TraxFMJKT,retweet
323975192273620992,@SchafferBerg,mention
323975192273620992,@SchafferBerg,retweet
323975401997213698,@GhettoChiIdren,mention
323975401997213698,@GhettoChiIdren,retweet
323975561347211264,@HopeForBoston,mention
323975561347211264,@HopeForBoston,retweet
323977440399613952,@SpencerKlimek,mention
323978186989899777,@JoshScobee10,mention
323978186989899777,@JoshScobee10,retweet
323980560957579264,@LoveForBoston,mention
323980560957579264,@LoveForBoston,retweet
323980577739001856,@thewanted,mention
323980577739001856,@thewanted,retweet
323983199199981568,@ItsMelanieAmaro,mention
323983199199981568,@ItsMelanieAmaro,retweet
323985178886291456,@chrislhayes,mention
323985594143367168,@celtics,mention
323985594143367168,@celtics,retweet
323987531915984897,@joshuagates,mention
323987531915984897,@joshuagates,retweet
323988353974411264,@iPrayForBoston,mention
323988353974411264,@iPrayForBoston,retweet
323990266585440256,@ItsSiRobertson,mention
323990266585440256,@ItsSiRobertson,retweet
323991780745965568,@FoxNews,mention
323991780745965568,@FoxNews,retweet
323992044987113472,@LoveForBoston,mention
323992044987113472,@LoveForBoston,retweet
323992212742496256,@Deadspin,mention
323992212742496256,@Deadspin,retweet
323994670613012480,@RealDopePostss_,mention
323994670613012480,@RealDopePostss_,retweet
323997552099876864,@Niallatemytaco,mention
323997552099876864,@Niallatemytaco,retweet
323999783457017856,@miilkkk,mention
323999783457017856,@miilkkk,retweet
324002354590519296,@Sebelius,mention
324002354590519296,@Sebelius,retweet
324006263673458688,@msnNOW,mention
324006263673458688,@msnNOW,retweet
324006355956531200,@HopeForBoston,mention
324008067211608064,@soutik,mention
324008067211608064,@soutik,retweet
324011993096921088,@Soy_Brent,mention
324011993096921088,@Soy_Brent,retweet
324014492885327873,@chrismurphys,mention
324015960912719872,@AngeloGuligado,mention
324015960912719872,@ANCALERTS,mention
324016153859088384,@EbenOfficial,mention
324016153859088384,@EbenOfficial,retweet
324017340826144769,@JackLindstrom94,mention
324017340826144769,@JackLindstrom94,retweet
324029118419189760,@BobbyLeeGarza1,mention
324029118419189760,@BobbyLeeGarza1,retweet
324030670328451072,@CraigyFerg,mention
324032478090244096,@Ch3ls3aT,mention
324032478090244096,@Ch3ls3aT,retweet
324033220482068480,@davie_ferguson,mention
324033220482068480,@davie_ferguson,retweet
324033522438377472,@LiifeSentencess,mention
324033522438377472,@LiifeSentencess,retweet
324035342766321664,@BostonDotCom,mention
324041357402443776,@MiszAliyaDattu,mention
324041357402443776,@MiszAliyaDattu,retweet
324050916221259778,@NiamsNinja,mention
324050916221259778,@NiamsNinja,retweet
324054137450926080,@prayforbst,mention
324054137450926080,@prayforbst,retweet
324055051825979392,@DailyMailUS,mention
324055051825979392,@DailyMailUS,retweet
324072244278083585,@YouTube,mention
324079735279869952,@llama_ajol,mention
324079735279869952,@llama_ajol,retweet
324091047326126080,@HafizSam,mention
324091047326126080,@HafizSam,retweet
324094004323024898,@steveaoki,mention
324094004323024898,@steveaoki,retweet
324105169551912960,@magnodetri,mention
324105169551912960,@magnodetri,retweet
324105719001534465,@garrettgee,mention
324105719001534465,@garrettgee,retweet
324111284847144960,@afowler06,mention
324111284847144960,@afowler06,retweet
324112132117512192,@team_world,mention
324112132117512192,@team_world,retweet
324128770908905473,@GabrielMacht,mention
324128770908905473,@GabrielMacht,retweet
324138099040980992,@YourAnonNews,mention
324138099040980992,@YourAnonNews,retweet
324138187100397568,@TheRock,mention
324138187100397568,@TheRock,retweet
324141173444849665,@sinchaasunshine,mention
324141173444849665,@sinchaasunshine,retweet
324141634818293760,@EmmittSmith22,mention
324141634818293760,@EmmittSmith22,retweet
324142373015781377,@EsmeraldaKiczek,mention
324142373015781377,@EsmeraldaKiczek,retweet
324143761342988288,@nprnews,mention
324143761342988288,@nprnews,retweet
324144176570724352,@MAlGhosoon,mention
324144176570724352,@MAlGhosoon,retweet
324144453390594049,@Jaredthecarrot,mention
324144453390594049,@Jaredthecarrot,retweet
324147586548248577,@3PennyMovies,mention
324147586548248577,@HuffPostCanada,mention
324153877991653379,@BuzzFeed,mention
324153877991653379,@BuzzFeed,retweet
324155304055037954,@centrepointuk,mention
324155304055037954,@centrepointuk,retweet
324166557368471553,@BostonMarathons,mention
324166557368471553,@BostonMarathons,retweet
324167417217564674,@RottenAppleTV,mention
324167417217564674,@RottenAppleTV,retweet
324170869150720000,@blackpumahat,mention
324170869150720000,@blackpumahat,retweet
324171716383371264,@DannyAmendola,mention
324171716383371264,@DannyAmendola,retweet
324174069371121665,@WeAreBruinsFans,mention
324174069371121665,@WeAreBruinsFans,retweet
324175336059314176,@dpshow,mention
324175336059314176,@dpshow,retweet
324180562166304769,@ryanpbroderick,mention
324180562166304769,@buzzf,mention
324180562166304769,@ryanpbroderick,retweet
324182755770523650,@kidrauhlavons,mention
324182755770523650,@kidrauhlavons,retweet
324183707898478593,@biggangVH1,mention
324183707898478593,@biggangVH1,retweet
324194076213788675,@CNN,mention
324203031040258048,@JoshDevineDrums,mention
324203031040258048,@JoshDevineDrums,retweet
324203626652389376,@JohnBeattieNESN,mention
324203626652389376,@JohnBeattieNESN,retweet
324206973715349504,@fenvirantiviral,mention
324206973715349504,@NBC6,mention
324206973715349504,@fenvirantiviral,retweet
324212082381836288,@fenvirantiviral,mention
324212082381836288,@NBC6,mention
324212082381836288,@fenvirantiviral,retweet
324215840461438976,@parkrun,mention
324215840461438976,@parkrun,retweet
324216666726744064,@DANILOMONTERO_,mention
324216666726744064,@TIME,mention
324216666726744064,@DANILOMONTERO_,retweet
324232659633065984,@Never4getBoston,mention
324232659633065984,@Never4getBoston,retweet
324235918598877185,@BostonGlobe,mention
324235918598877185,@BostonGlobe,retweet
324240846885101568,@1DAussieUpdates,mention
324240846885101568,@REPLAYLOUDER,mention
324240846885101568,@1DAussieUpdates,retweet
324248195305717760,@BarbaraNorro,mention
324248195305717760,@BarbaraNorro,retweet
324258601403314176,@cnnbrk,mention
324258601403314176,@cnnbrk,retweet
324269531759513602,@LeeEvans_Comedy,mention
324269531759513602,@LeeEvans_Comedy,retweet
324270420943597568,@LeeEvans_Comedy,mention
324270420943597568,@LeeEvans_Comedy,retweet
324271867965870080,@kerryngerety,mention
324271867965870080,@kerryngerety,retweet
324273663119605760,@Deadspin,mention
324273663119605760,@Deadspin,retweet
324275282137718785,@washingtonpost,mention
324286933901668352,@billneelyitv,mention
324286933901668352,@billneelyitv,retweet
324287344960208896,@carryonswag,mention
324287344960208896,@carryonswag,retweet
324290746528186368,@LeeEvans_Comedy,mention
324290746528186368,@LeeEvans_Comedy,retweet
324291132425129984,@JoshuaChavers,mention
324291132425129984,@JoshHarkinson,mention
324291132425129984,@JoshuaChavers,retweet
324292759798304768,@PPAdvocacyMA,mention
324292759798304768,@PPAdvocacyMA,retweet
324299420336287744,@brainjunk,mention
324299420336287744,@Yearofthedragon,mention
324323713778585602,@AllyBrooke,mention
324323713778585602,@AllyBrooke,retweet
324324204503777280,@Remroum,mention
324324204503777280,@Remroum,retweet
324326008054505472,@AsdfghjklRey,mention
324326008054505472,@AsdfghjklRey,retweet
324333457134194688,@BotoxAnnRomney,mention
324333457134194688,@BotoxAnnRomney,retweet
324340155429302272,@Jon_CKmusic,mention
324340155429302272,@Jon_CKmusic,retweet
324340772008763394,@nbcnightlynews,mention
324340772008763394,@nbcnightlynews,retweet
324359654752780288,@strangeveronica,mention
324359654752780288,@strangeveronica,retweet
324381242831302656,@livinginsg,mention
324381242831302656,@livinginsg,retweet
324383054762242049,@myfoxmemphis,mention
324383054762242049,@myfoxmemphis,retweet
324403107733839872,@TheFiscalTimes,mention
324448121004359680,@merlinconda,mention
324493549519384577,@fenvirantiviral,mention
324493549519384577,@fenvirantiviral,retweet
324496867205451776,@BostonMarathons,mention
324496867205451776,@BostonMarathons,retweet
324512088364044289,@buzzfeed,mention
324532879524777984,@buzzfeednews,mention
324553469342150656,@jilevin,mention
324562235429122048,@jaymohr37,mention
324565569913368577,@LoveForBoston,mention
324565569913368577,@LoveForBoston,retweet
324567776138248192,@MailOnline,mention
324567776138248192,@MailOnline,retweet
324569550328823808,@RAGreeneCNN,mention
324569550328823808,@RAGreeneCNN,retweet
324571295150927873,@YourAnonNews,mention
324571295150927873,@YourAnonNews,retweet
324571303514361857,@SkyNewsBreak,mention
324571303514361857,@SkyNewsBreak,retweet
324575523009347584,@RT_America,mention
324575523009347584,@RT_America,retweet
324575875305725952,@cbsboston,mention
324575875305725952,@cbsboston,retweet
324578446443425794,@WCVB,mention
324578446443425794,@WuWCVB,mention
324578446443425794,@WCVB,retweet
324579759227023360,@SkyNewsBreak,mention
324579759227023360,@SkyNewsBreak,retweet
324579952173404161,@Slate,mention
324579952173404161,@antderosa,mention
324579952173404161,@Slate,retweet
324579952173404161,@antderosa,retweet
324587036373831680,@AP,mention
324592539296481282,@Boston_Police,mention
324592539296481282,@Boston_Police,retweet
324592707043463168,@BreakingNews,mention
324592707043463168,@Boston_Police,mention
324592707043463168,@BreakingNews,retweet
324596582588755968,@FOXSoccer,mention
324596582588755968,@MCFC,mention
324596582588755968,@FOXSoccer,retweet
324597236895977474,@YourAnonNews,mention
324597236895977474,@YourAnonNews,retweet
324602131669741569,@ggreenwald,mention
324605721977176068,@6abc,mention
324605721977176068,@ABC,mention
324605721977176068,@6abc,retweet
324605721977176068,@ABC,retweet
324605747155570688,@StephenWalt,mention
324605747155570688,@StephenWalt,retweet
324621580636405761,@fenvirantiviral,mention
324621580636405761,@NBC6,mention
324621580636405761,@fenvirantiviral,retweet
324626727051616256,@GlobeDavidD,mention
324626727051616256,@GlobeDavidD,retweet
324651821589229568,@Boston_Police,mention
324651821589229568,@Boston_Police,retweet
324652916310953984,@TheOnion,mention
324652916310953984,@TheOnion,retweet
324670255555280896,@DaneCook,mention
324700425179762688,@SportsCenter,mention
324700425179762688,@SportsCenter,retweet
324701771538776064,@Boazziz,mention
324736416485629952,@BostonDotCom,mention
324773355716767744,@thatssoRaeLynn_,mention
324773355716767744,@thatssoRaeLynn_,retweet
324856960795176960,@ESPN_Greeny,mention
324868922937577473,@carlycarioli,mention
324868922937577473,@HuffingtonPost,mention
324868922937577473,@carlycarioli,retweet
324868922937577473,@HuffingtonPost,retweet
324881220632727554,@Yamiche,mention
324881220632727554,@Yamiche,retweet
324892490744332288,@JerkPru,mention
324892490744332288,@JerkPru,retweet
324898127876349954,@WHLive,mention
324898127876349954,@WHLive,retweet
324902297018720257,@RodneySuccess,mention
324902297018720257,@RodneySuccess,retweet
324939534049607681,@YourAnonNews,mention
324939534049607681,@57UN,mention
324939534049607681,@YourAnonNews,retweet
324973415654105088,@sternshow,mention
324973415654105088,@sternshow,retweet
324977828074500097,@ArmyGuyGeorgia,mention
324977828074500097,@ArmyGuyGeorgia,retweet
324978482364944385,@whitehouse,mention
324996958278270976,@fox25news,mention
324996958278270976,@fox25news,retweet
324997302207016960,@chiquibabyLA,mention
324997302207016960,@chiquibabyLA,retweet
324998724059291648,@BuzzFeed,mention
324998724059291648,@BuzzFeed,retweet
324999512588435456,@nytimes,mention
324999512588435456,@nytimes,retweet
325014511457280001,@cnnbrk,mention
325014511457280001,@cnnbrk,retweet
325031917793734656,@Kenny_Mayne,mention
325031917793734656,@nytimes,mention
325031917793734656,@Kenny_Mayne,retweet
325040650326257665,@MassStatePolice,mention
325040650326257665,@MassStatePolice,retweet
325060732653821952,@MassStatePolice,mention
325060732653821952,@MassStatePolice,retweet
325070396363767811,@BuzzFeed,mention
325070396363767811,@jaredbkeller,mention
325070396363767811,@BuzzFeed,retweet
325070396363767811,@jaredbkeller,retweet
325091690815844352,@southerrnnbelle,mention
325091690815844352,@southerrnnbelle,retweet
325113287299698689,@ElaineLiner,mention
325113287299698689,@ElaineLiner,retweet
325122925810290689,@AKitz,mention
325122925810290689,@AKitz,retweet
325133277369364483,@BuzzFeedNews,mention
325133277369364483,@BostonGlobe,mention
325133277369364483,@BuzzFeedNews,retweet
325140617392959488,@AustinVesely,mention
325140617392959488,@AustinVesely,retweet
325143326909136896,@SeanKellyTV,mention
325143326909136896,@SeanKellyTV,retweet
325144132223897600,@Daily_Star,mention
325144132223897600,@Daily_Star,retweet
325158602560118784,@stforeigndesk,mention
325158602560118784,@stforeigndesk,retweet
325174322824101889,@jaredbkeller,mention
325174322824101889,@jaredbkeller,retweet
325176155701407744,@BBCNewsUS,mention
325176155701407744,@BBCNewsUS,retweet
325180589118484480,@SavannahGuthrie,mention
325180589118484480,@SavannahGuthrie,retweet
325187727790321664,@BreakingNews,mention
325187727790321664,@AP,mention
325187727790321664,@BreakingNews,retweet
325197450203783168,@BuzzFeedAndrew,mention
325197450203783168,@AP,mention
325197450203783168,@BuzzFeedAndrew,retweet
325197450203783168,@AP,retweet
325198607819091968,@MichaelSkolnik,mention
325198607819091968,@MichaelSkolnik,retweet
325201992643395584,@RT_com,mention
325201992643395584,@RT_com,retweet
325202500149968896,@YahooNews,mention
325202500149968896,@AP,mention
325202500149968896,@YahooNews,retweet
325204542763442176,@RT_com,mention
325204542763442176,@RT_com,retweet
325207508127977473,@nprnews,mention
325207508127977473,@nprnews,retweet
325210305724563456,@ky_enquirer,mention
325210821661687809,@xzy_,mention
325210821661687809,@russian_market,mention
325210821661687809,@xzy_,retweet
325210821661687809,@russian_market,retweet
325214567175176192,@CNBC,mention
325214567175176192,@CNBC,retweet
325221353546477568,@BuzzFeedBen,mention
325221353546477568,@buzzfeed,mention
325221353546477568,@BuzzFeedBen,retweet
325235274454007808,@YesYoureRacist,mention
325235274454007808,@YesYoureRacist,retweet
325236864086859777,@MaxTollensJr,mention
325236864086859777,@MaxTollensJr,retweet
325237988156121089,@CBSNews,mention
325237988156121089,@CBSNews,retweet
325238281749012481,@Boston_Police,mention
325238281749012481,@Boston_Police,retweet
325243306512625664,@HuffPostPol,mention
325243306512625664,@HuffingtonPost,mention
325243306512625664,@HuffPostPol,retweet
325243306512625664,@HuffingtonPost,retweet
325244455777103872,@CarlosSaavedra2,mention
325244455777103872,@CarlosSaavedra2,retweet
325245726655385600,@DianaNyad,mention
325247211418034176,@SportsCenter,mention
325247211418034176,@SportsCenter,retweet
325247878324969473,@EhabZ,mention
325247878324969473,@Dzhokhar_,mention
325247878324969473,@EhabZ,retweet
325253402210738176,@GlobalRevLive,mention
325253402210738176,@GlobalRevLive,retweet
325257638461988864,@thedailybeast,mention
325266526183759873,@kennygw,mention
325266526183759873,@kennygw,retweet
325270665957634049,@Reagan_Girl,mention
325270665957634049,@Reagan_Girl,retweet
325272721183350784,@MegatronCBI,mention
325272721183350784,@MegatronCBI,retweet
325273044140580865,@iTweetFacts,mention
325273044140580865,@iTweetFacts,retweet
325273136411054080,@ChirpHard,mention
325273136411054080,@ChirpHard,retweet
325273853641240577,@CNN,mention
325279012639342593,@YourAnonNews,mention
325280220594712578,@AdrienneBatra,mention
325280220594712578,@TheTorontoSun,mention
325280220594712578,@sunreporteryuen,mention
325280220594712578,@AdrienneBatra,retweet
325299489223086083,@RuxandraGuidi,mention
325299489223086083,@RuxandraGuidi,retweet
325307651351252994,@BuzzFeedNews,mention
325307651351252994,@BuzzFeedNews,retweet
325309320663281665,@CP24,mention
325309320663281665,@CP24,retweet
325312843887026176,@140elect,mention
325312843887026176,@140elect,retweet
325325695226101760,@Boston_Police,mention
325325695226101760,@Boston_Police,retweet
325328060842905600,@Boston_Police,mention
325328060842905600,@Boston_Police,retweet
325332943016968193,@RT_com,mention
325332943016968193,@RT_com,retweet
325353604150079488,@the_ironsheik,mention
325353604150079488,@the_ironsheik,retweet
325355021795463169,@NBCNews,mention
325355021795463169,@NBCNews,retweet
325360726082461697,@domf_says,mention
325360726082461697,@domf_says,retweet
325368292598489090,@OurGreatAmerica,mention
325368292598489090,@OurGreatAmerica,retweet
325371509625454592,@Deadspin,mention
325371509625454592,@Deadspin,retweet
325379675943747585,@Yousefzadeh,mention
325379675943747585,@Yousefzadeh,retweet
325385854140940288,@Deadspin,mention
325385854140940288,@Deadspin,retweet
325392887980363776,@mclarkhamilton,mention
325393236111794177,@ACSpollen,mention
325393236111794177,@ACSpollen,retweet
325393642950893569,@BuzzFeedNews,mention
325393642950893569,@justinjm1,mention
325393642950893569,@BuzzFeedNews,retweet
325399141679243264,@watertowntab,mention
325399141679243264,@PetesWire,mention
325399141679243264,@watertowntab,retweet
325402681684398080,@RT_America,mention
325402681684398080,@RT_America,retweet
325403281486647298,@OurGreatAmerica,mention
325403281486647298,@OurGreatAmerica,retweet
325405613511286785,@BuzzFeedAndrew,mention
325405613511286785,@CBSNews,mention
325405613511286785,@BuzzFeedAndrew,retweet
325405613511286785,@CBSNews,retweet
325407320605609984,@DaynaOG,mention
325408398520750080,@BostonGlobe,mention
325408398520750080,@BostonGlobe,retweet
325408549519896577,@OurGreatAmerica,mention
325408549519896577,@OurGreatAmerica,retweet
325408893440241664,@BostonGlobe,mention
325408893440241664,@BostonGlobe,retweet
325409480672149505,@BIGGALLAGHER,mention
325409480672149505,@BIGGALLAGHER,retweet
325409740693831681,@SoVeryAwkward,mention
325409740693831681,@SoVeryAwkward,retweet
325410294367133697,@BostonGlobe,mention
325410294367133697,@BostonGlobe,retweet
325410327917371392,@taosecurity,mention
325410327917371392,@BostonGlobe,mention
325410327917371392,@taosecurity,retweet
325410667643416576,@BostonDotCom,mention
325410667643416576,@BostonDotCom,retweet
325410688610742273,@UberFacts,mention
325410688610742273,@UberFacts,retweet
325411024142467073,@ABallPlayerLife,mention
325411024142467073,@ABallPlayerLife,retweet
325411166778171392,@PBandJenelley_1,mention
325411166778171392,@PBandJenelley_1,retweet
325411292586319872,@_Snape_,mention
325411292586319872,@_Snape_,retweet
325412223734394880,@UberFacts,mention
325412223734394880,@UberFacts,retweet
325412848673112064,@BostonDotCom,mention
325412848673112064,@BostonDotCom,retweet
325413066806263809,@ABC,mention
325413066806263809,@ABC,retweet
325416636158971904,@_Snape_,mention
325416636158971904,@_Snape_,retweet
325416682266963970,@_Snape_,mention
325416682266963970,@_Snape_,retweet
325420784287891457,@Honest_Southern,mention
325420784287891457,@Honest_Southern,retweet
325420805288755201,@TheFPShow,mention
325420805288755201,@TheFPShow,retweet
325421740601774080,@cnnbrk,mention
325424999567605760,@AfricanDad,mention
325424999567605760,@CNN,mention
325424999567605760,@FoxNews,mention
325424999567605760,@AfricanDad,retweet
325431240696152064,@PetesWire,mention
325431240696152064,@PetesWire,retweet
325438631068184576,@kevinbinversie,mention
325438631068184576,@kevinbinversie,retweet
325441269289590785,@JohnFugelsang,mention
325441269289590785,@JohnFugelsang,retweet
325450542883151874,@Baseball_Jesus_,mention
325450542883151874,@Baseball_Jesus_,retweet
325453105611284480,@cnnbrk,mention
325453105611284480,@cnnbrk,retweet
325475838734774272,@OurGreatAmerica,mention
325475838734774272,@OurGreatAmerica,retweet
325541332808515585,@rolandparis,mention
325541332808515585,@davelee,mention
325541332808515585,@rolandparis,retweet
325551894049210368,@JessieExclusive,mention
325551894049210368,@CNN,mention
325554364481675264,@AJELive,mention
325554364481675264,@AJELive,retweet
325570655162601472,@OurGreatAmerica,mention
325570655162601472,@OurGreatAmerica,retweet
325622115082584064,@arthur_read8,mention
325622115082584064,@arthur_read8,retweet
325636841292316672,@marcomartucci77,mention
325636841292316672,@marcomartucci77,retweet
325643074015490048,@NewYorker,mention
325662749508116480,@MEAN_MARINE,mention
325662749508116480,@MEAN_MARINE,retweet
325670009844146176,@LemieuxLGM,mention
325670009844146176,@LemieuxLGM,retweet
325696555598356480,@FoxNews,mention
325696555598356480,@FoxNews,retweet
325703019033403393,@ErnestFarrow,mention
325703019033403393,@wordpressd,mention
325703019033403393,@ErnestFarrow,retweet
325726779765567488,@MarathonKoach,mention
325726779765567488,@MarathonKoach,retweet
325742063779987456,@Salon,mention
325742063779987456,@Salon,retweet
325751748461461504,@sharethis,mention
325756605461311488,@BBachsBeat,mention
325756605461311488,@BBachsBeat,retweet
325765040189886465,@PatriotRadioNet,mention
325780093572104192,@TwitchyTeam,mention
325780093572104192,@TwitchyTeam,retweet
325798070354841601,@FOXSPORTSAZ,mention
325798070354841601,@FOXSPORTSAZ,retweet
325878609350893568,@maleamcguinness,mention
325878609350893568,@maleamcguinness,retweet
325982175113658369,@NewYorker,mention
325986956607631362,@ria_novosti,mention
326017763783094272,@TheDailyShow,mention
326017763783094272,@TheDailyShow,retweet
326143286718894080,@Reuters,mention
326143286718894080,@Reuters,retweet
326161762644803585,@joeshowradio,mention
326161762644803585,@joerogan,mention
326161762644803585,@joeshowradio,retweet
326170826539954177,@Swamy39,mention
326289663721611264,@kavkazcenter,mention
326289663721611264,@kavkazcenter,retweet
326327395713953792,@KiritRadia_ABC,mention
326327395713953792,@KiritRadia_ABC,retweet
326344525222141953,@AP,mention
326372455121833985,@SDLaborCouncil,mention
326376376791875584,@ThorntonFDN,mention
326376376791875584,@ThorntonFDN,retweet
326377047880511489,@DonGeronimoShow,mention
326377047880511489,@DonGeronimoShow,retweet
326383158985621504,@th3j35t3r,mention
326383158985621504,@th3j35t3r,retweet
326398409462398976,@Reuters,mention
326398409462398976,@Reuters,retweet
326411810272059393,@HuffPostCrime,mention
326433872281747456,@tintin1957,mention
326433872281747456,@tintin1957,retweet
326457876287729664,@ABC,mention
326503892030455808,@irritatedwoman,mention
326503892030455808,@irritatedwoman,retweet
326509269094629376,@mbtaGM,mention
326509269094629376,@MBTATransitPD,mention
326509269094629376,@mbtaGM,retweet
326510258958770176,@jaketapper,mention
326510258958770176,@jaketapper,retweet
326715192660594688,@OliversMomma,mention
326715192660594688,@3pageprophecy_,mention
326715192660594688,@OliversMomma,retweet
326723006636371968,@rickardo74,mention
326723006636371968,@rickardo74,retweet
326776827945304064,@RealAlexJones,mention
326776827945304064,@RealAlexJones,retweet
326779742999175168,@iDoPub,mention
326779826893635584,@BostonGlobe,mention
326779826893635584,@BostonGlobe,retweet
326790664979365889,@youtube,mention
326801129763639297,@johnpaulpagano,mention
326801129763639297,@johnpaulpagano,retweet
326834088587706369,@petesouza,mention
326834088587706369,@petesouza,retweet
326850333122895872,@YossiGestetner,mention
326850333122895872,@YossiGestetner,retweet
326892959834456064,@aguywithnolife,mention
326892959834456064,@aguywithnolife,retweet
327039806628577281,@CitizenRadio,mention
327039806628577281,@CitizenRadio,retweet
327265535685431298,@kr3at,mention
327328336982454273,@SoundCloud,mention
327328336982454273,@stephenrandall,mention
327328336982454273,@SoundCloud,retweet
327343600042131457,@cnnbrk,mention
327343600042131457,@cnnbrk,retweet
327424952766701570,@Chibambo,mention
327424952766701570,@jianghomeshi,mention
327424952766701570,@Chibambo,retweet
327435014935564288,@NBCNews,mention
327526924719104003,@slaylly,mention
327526924719104003,@tobikinz,mention
327537364308201474,@WSJ,mention
327540967223738369,@slaylly,mention
327540967223738369,@tobikinz,mention
327551398449381377,@Lawsonbulk,mention
327551398449381377,@Lawsonbulk,retweet
327637251691511810,@richarddeitsch,mention
327637251691511810,@GlobeMoskowitz,mention
327637251691511810,@richarddeitsch,retweet
327688145363693569,@IMDbTV,mention
327913819873607681,@irritatedwoman,mention
327913819873607681,@irritatedwoman,retweet
327919620625428480,@tobeymonster,mention
327980115055230976,@LaurieSegallCNN,mention
327980115055230976,@erica,mention
327980115055230976,@LaurieSegallCNN,retweet
328172629397737474,@jricole,mention
328172629397737474,@jricole,retweet
328271191343255552,@AyoubChoudhury,mention
328577585258823681,@slate,mention
328926119359299584,@let_him_go,mention
328926119359299584,@let_him_go,retweet
328993299522256896,@tobeymonster,mention
328993299522256896,@SancheezyRican,mention
329065672229404672,@runnersworld,mention
329065672229404672,@runnersworld,retweet
329190494724816896,@MissDiagnosis,mention
329190494724816896,@nypostopinion,mention
329190494724816896,@MissDiagnosis,retweet
329294354059493377,@cnnbrk,mention
329294354059493377,@cnnbrk,retweet
329354693325225984,@UP2DATEMMA,mention
329354693325225984,@UP2DATEMMA,retweet
329505289810362369,@sextinghoran,mention
329505289810362369,@sextinghoran,retweet
329530338189647872,@USATODAY,mention
329614840832327682,@Boston_Police,mention
329614840832327682,@Boston_Police,retweet
329623376266149888,@davidtaint,mention
329625188188692480,@NBCNews,mention
329640887460167680,@WWLTV,mention
329640887460167680,@WWLTV,retweet
329644817531420672,@mitchellreports,mention
329644817531420672,@PeteWilliamsNBC,mention
329644817531420672,@mitchellreports,retweet
330109428969897985,@cnnbrk,mention
330109428969897985,@cnnbrk,retweet
330414270976229376,@GrantWahl,mention
330702608421494785,@iamYayaGabbana,mention
330702608421494785,@iamYayaGabbana,retweet
331021937579008000,@kylegotjokes,mention
331021937579008000,@kylegotjokes,retweet
332561800795144193,@nytimes,mention
333035488694906882,@TheSpoonyOne,mention
333035488694906882,@TheSpoonyOne,retweet
333627296600686594,@Ohpubertalks,mention
333627296600686594,@Ohpubertalks,retweet
333948244725989379,@Doc_0,mention
333948244725989379,@Doc_0,retweet
333963193238032385,@ArmchairArab,mention
333963193238032385,@LibyanBentBladi,mention
334949521555603456,@CIApressoffice,mention
334949521555603456,@CIApressoffice,retweet
335734858879995904,@NewYorker,mention
336926632583512065,@BretLockett26,mention
336926632583512065,@BretLockett26,retweet
337359539294842880,@PierreTABC,mention
337602527912660992,@sharethis,mention
337833407570640897,@Vencace,mention
337937153688473600,@RedSox,mention
337937153688473600,@davidortiz,mention
337937153688473600,@RedSox,retweet
338321003807649794,@mattpep15,mention
338321003807649794,@mattpep15,retweet
339257361170591744,@elenaaaaaa6,mention
340244410954547200,@1510wlac,mention
340244410954547200,@1510wlac,retweet
340690781352378370,@KLSouth,mention
340690781352378370,@KLSouth,retweet
343337278111875072,@dens,mention
343337278111875072,@DICKS,mention
343337278111875072,@chelsa,mention
343337278111875072,@dens,retweet
344322373329235969,@fancyfenty,mention
344322373329235969,@reIaxbro,mention
344322373329235969,@fancyfenty,retweet
